step,time_ms
0,184.3723
1,40.4009
2,37.9742
3,36.2372
4,16.2235
5,16.6819
6,16.2386
7,16.8689
8,16.5377
9,17.2600
10,17.1123
11,17.6217
12,40.1605
13,20.8069
14,18.9865
15,41.2262
16,21.8868
17,20.5955
18,21.4262
19,19.6621
20,20.7634
21,20.3416
22,20.7002
23,20.8357
24,22.7629
25,20.3505
26,20.5749
27,41.4032
28,24.3244
29,24.7360
30,20.9051
31,45.8810
32,18.8046
33,20.2477
34,22.0909
35,20.8796
36,121.9792
37,21.9297
38,21.7600
39,46.5595
40,41.8648
41,20.2616
42,20.6837
43,20.3707
44,39.0332
45,19.2067
46,38.6179
47,24.8789
48,21.4979
49,20.7048
50,20.1401
51,19.6559
52,19.3169
53,40.6983
54,19.9100
55,20.0504
56,20.2321
57,19.8776
58,42.0584
59,20.5357
60,41.9873
61,20.3236
62,19.2385
63,37.6325
64,17.1935
65,20.6796
66,41.6639
67,22.3284
68,120.4150
69,48.6177
70,28.1358
71,17.0052
72,44.6117
73,38.1878
74,27.6229
75,43.5964
76,22.8470
77,20.5999
78,19.2381
79,20.4629
80,44.6799
81,42.5400
82,19.6831
83,24.1788
84,25.0253
85,19.5916
86,43.8052
87,19.9780
88,19.3090
89,16.2596
90,38.6283
91,45.6332
92,16.8167
93,18.2327
94,17.0655
95,16.9736
96,20.9414
97,141.9119
98,22.4819
99,22.7535
100,43.9300
101,20.8297
102,36.9203
103,20.4322
104,20.4091
105,19.7594
106,44.8393
107,19.1687
108,20.6210
109,20.2007
110,19.4045
111,19.6004
112,17.5533
113,20.5319
114,20.4514
115,43.6419
116,44.2443
117,20.8994
118,21.0888
119,19.8726
120,19.8047
121,19.6471
122,19.9403
123,19.2197
124,21.4256
125,21.0667
126,17.5564
127,21.0239
128,45.7438
129,148.6916
130,48.1321
131,18.4514
132,45.4616
133,42.9759
134,21.0890
135,18.2353
136,22.0685
137,43.1838
138,22.0973
139,43.1682
140,22.4187
141,21.0993
142,40.1724
143,19.3039
144,20.0336
145,23.0547
146,21.5901
147,25.3254
148,52.5339
149,48.4689
150,21.3828
151,29.8757
152,19.6972
153,19.2877
154,24.8323
155,47.0695
156,19.7640
157,122.9011
158,49.3482
159,21.2007
160,22.8452
161,46.8123
162,22.4386
163,26.3655
164,21.9917
165,47.9562
166,21.9576
167,21.7332
168,47.4062
169,23.1618
170,21.7906
171,21.4329
172,43.6786
173,21.7577
174,21.2653
175,22.0846
176,21.9888
177,21.5799
178,20.7799
179,47.2242
180,21.7462
181,23.4294
182,43.9983
183,47.4343
184,22.4103
185,24.5602
186,123.3165
187,49.2032
188,45.2051
189,46.9595
190,48.4946
191,21.0211
192,46.9838
193,46.3467
194,22.2917
195,23.8410
196,22.1357
197,47.0530
198,21.7280
199,21.1110
200,44.7713
201,21.9787
202,22.3745
203,23.8997
204,46.8089
205,28.3344
206,21.9003
207,22.0583
208,22.4068
209,46.5523
210,23.9363
211,26.9060
212,23.0375
213,143.7962
214,25.1779
215,48.7987
216,21.8690
217,43.8178
218,47.2130
219,21.6497
220,22.0363
221,21.9675
222,21.2558
223,22.3053
224,44.0527
225,21.1659
226,22.8088
227,43.5550
228,42.3050
229,21.0326
230,20.9386
231,20.5975
232,28.8778
233,21.4170
234,22.7114
235,22.3534
236,22.2808
237,44.2829
238,20.7523
239,22.7758
240,22.2697
241,20.5001
242,21.6121
243,23.0139
244,145.1956
245,46.6259
246,30.1570
247,42.2475
248,46.1456
249,24.5019
250,23.5445
251,42.9346
252,31.7464
253,21.7866
254,21.3009
255,23.5551
256,46.1089
257,19.8591
258,41.4536
259,35.6954
260,25.7297
261,21.1430
262,25.7029
263,23.0784
264,20.3021
265,24.4455
266,49.3902
267,47.0919
268,21.2510
269,47.7679
270,148.7375
271,23.4612
272,24.0278
273,46.7647
274,21.4689
275,21.8990
276,26.2778
277,19.6394
278,20.0680
279,42.8035
280,33.9845
281,21.9813
282,32.9722
283,28.5057
284,53.5620
285,21.4333
286,21.5366
287,22.4144
288,46.0690
289,23.3851
290,22.7989
291,45.3678
292,21.6142
293,19.5319
294,43.6294
295,21.3639
296,22.3674
297,47.4495
298,19.7241
299,119.1185
300,21.7172
301,19.8091
302,50.9288
303,19.0028
304,19.8620
305,20.4541
306,19.6136
307,18.6179
308,22.4429
309,46.6418
310,43.9934
311,23.7710
312,49.4418
313,21.6537
314,47.4869
315,21.8486
316,22.0575
317,52.2423
318,21.4237
319,45.7618
320,43.1279
321,49.3472
322,22.9961
323,18.6940
324,50.8717
325,145.8684
326,46.9099
327,48.7041
328,47.8463
329,50.0205
330,22.7549
331,50.7067
332,48.2673
333,21.8566
334,44.5976
335,52.1774
336,22.0701
337,47.1373
338,47.3946
339,20.6547
340,50.5449
341,46.2520
342,21.6823
343,23.9642
344,21.0766
345,21.0470
346,20.8879
347,51.9741
348,122.5945
349,27.1765
350,20.7692
351,18.8323
352,18.4686
353,48.7543
354,60.1793
355,52.8884
356,19.9362
357,20.3577
358,21.9864
359,22.2803
360,20.7056
361,49.1305
362,45.7452
363,21.3454
364,21.6670
365,19.8358
366,23.0926
367,44.0603
368,48.0897
369,20.3482
370,24.2248
371,23.2351
372,44.9841
373,28.8028
374,21.2015
375,119.3072
376,24.9612
377,20.3514
378,47.4341
379,19.2645
380,21.2651
381,49.7850
382,23.1399
383,25.2632
384,22.6479
385,49.6936
386,23.3510
387,22.5318
388,45.4748
389,48.9045
390,34.4742
391,44.6487
392,45.7594
393,21.4949
394,48.1807
395,43.9478
396,20.7356
397,21.5249
398,29.4811
399,19.2809
400,19.5982
401,147.6763
402,46.8454
403,45.3214
404,22.4961
405,21.6018
406,23.3391
407,33.6055
408,47.3301
409,53.7456
410,28.4523
411,55.2667
412,44.5396
413,22.0902
414,22.8307
415,22.5535
416,32.1343
417,23.6893
418,20.9710
419,46.2209
420,21.4114
421,43.7043
422,21.1176
423,46.2699
424,47.2982
425,18.7082
426,148.7343
427,51.2201
428,49.8967
429,41.5953
430,50.4517
431,42.2282
432,20.8644
433,22.2368
434,21.0996
435,20.5961
436,23.8407
437,48.5850
438,48.0102
439,49.1270
440,24.0826
441,21.3369
442,23.2973
443,22.4237
444,21.8733
445,23.5254
446,23.8297
447,23.0043
448,22.3933
449,22.9232
450,49.0381
451,20.1969
452,149.0379
453,47.7834
454,20.9538
455,35.7556
456,49.5163
457,50.4279
458,50.2988
459,46.5018
460,22.9312
461,22.7449
462,22.6736
463,22.5771
464,22.7793
465,48.9752
466,21.1806
467,48.7164
468,24.9304
469,25.3571
470,30.7702
471,23.1760
472,21.7805
473,43.8928
474,23.9079
475,22.3831
476,50.7490
477,24.7638
478,125.3230
479,25.7600
480,24.6840
481,20.0862
482,26.1361
483,28.3171
484,28.7110
485,53.7097
486,31.3710
487,29.0954
488,49.1211
489,35.0337
490,45.4543
491,27.8841
492,51.2310
493,20.8773
494,21.6786
495,19.8741
496,23.8569
497,24.4831
498,46.0782
499,43.5790
500,22.6309
501,22.0900
502,46.4362
503,22.1874
504,147.0316
505,24.9635
506,24.6873
507,47.1436
508,22.9202
509,50.6074
510,48.4503
511,51.2183
512,48.9188
513,23.2801
514,23.1679
515,24.6158
516,23.4250
517,53.4287
518,23.1085
519,25.7083
520,49.0375
521,22.7958
522,23.9994
523,24.1257
524,28.1564
525,33.4638
526,22.3170
527,25.7380
528,50.0571
529,154.5805
530,23.7969
531,45.3093
532,48.1255
533,45.4079
534,29.8549
535,24.2193
536,22.2188
537,22.7636
538,23.0376
539,21.8583
540,23.6103
541,23.7484
542,22.9074
543,22.8337
544,24.1238
545,48.5046
546,49.6716
547,26.0851
548,46.7411
549,24.9449
550,53.5533
551,24.3329
552,22.2158
553,48.0780
554,23.5147
555,145.8022
556,26.0709
557,24.9828
558,23.6394
559,21.1516
560,42.3803
561,20.4607
562,20.1026
563,21.7632
564,45.0243
565,21.5365
566,20.6455
567,20.0736
568,52.1988
569,22.2978
570,44.6478
571,48.6712
572,22.0498
573,25.5466
574,41.0286
575,48.8339
576,21.3990
577,55.7536
578,25.0727
579,21.7302
580,45.3665
581,20.8508
582,141.9038
583,23.9694
584,24.4197
585,23.2789
586,21.6735
587,24.0691
588,23.4554
589,43.5516
590,22.1739
591,36.5195
592,48.5077
593,22.2191
594,48.3940
595,26.9072
596,26.1415
597,22.9818
598,21.7302
599,47.4473
600,49.7719
601,23.0011
602,23.9429
603,22.3912
604,24.4463
605,23.5093
606,22.6409
607,23.0859
608,24.9718
609,22.8369
610,44.8875
611,147.6576
612,26.4372
613,22.6257
614,23.5571
615,46.6110
616,49.5099
617,48.6983
618,21.0942
619,23.1399
620,26.4714
621,24.3221
622,22.5527
623,23.8782
624,22.0254
625,22.3351
626,47.6205
627,22.2418
628,22.0839
629,46.6545
630,23.0690
631,23.6164
632,22.6281
633,22.2574
634,46.9150
635,21.4472
636,24.7168
637,20.9068
638,48.2701
639,24.7840
640,124.8682
641,51.7187
642,51.7830
643,46.6103
644,24.2646
645,23.0968
646,57.5871
647,23.4160
648,23.1317
649,46.1975
650,21.5978
651,27.0296
652,24.6474
653,49.3549
654,20.3642
655,20.6391
656,47.7444
657,21.1360
658,22.2296
659,48.2485
660,50.7138
661,23.3080
662,45.8812
663,22.1199
664,22.4001
665,124.8065
666,24.7209
667,32.4311
668,24.9671
669,32.3533
670,48.0397
671,23.8576
672,22.5312
673,45.2426
674,26.6964
675,24.0218
676,29.8459
677,45.3184
678,20.2989
679,23.3102
680,48.2541
681,22.7066
682,19.6021
683,21.6160
684,22.3382
685,21.2453
686,22.5986
687,22.7631
688,23.4639
689,21.7478
690,22.2547
691,47.0065
692,44.0792
693,21.0907
694,144.4633
695,26.4638
696,24.5953
697,47.8183
698,45.1410
699,45.0791
700,20.9995
701,48.2574
702,23.6716
703,17.5964
704,21.6291
705,21.0121
706,21.6746
707,19.8355
708,21.9035
709,42.6202
710,46.5005
711,22.6306
712,49.8302
713,25.2895
714,20.7288
715,45.3214
716,47.6863
717,49.4428
718,28.7660
719,26.0929
720,128.9716
721,51.7857
722,23.1131
723,25.6631
724,49.3514
725,22.7021
726,23.8564
727,24.3732
728,22.4937
729,24.3638
730,24.6221
731,22.3747
732,51.3216
733,20.5007
734,23.5761
735,22.0901
736,21.7842
737,22.3574
738,50.3558
739,22.5468
740,26.3149
741,52.9170
742,55.0808
743,51.6360
744,25.6283
745,29.2219
746,22.7094
747,123.7666
748,26.4808
749,53.3015
750,25.0190
751,25.6186
752,25.2955
753,25.0341
754,51.4330
755,50.2850
756,46.3150
757,49.8481
758,23.4479
759,47.5219
760,28.1711
761,50.3948
762,24.0137
763,52.2284
764,30.1479
765,23.9471
766,51.3976
767,22.4613
768,22.3464
769,22.7799
770,50.8205
771,122.9056
772,51.3237
773,47.9163
774,26.8247
775,56.2724
776,24.7125
777,50.6789
778,25.2296
779,25.3269
780,22.1417
781,26.1814
782,51.0071
783,25.5049
784,33.0619
785,32.0200
786,25.9454
787,23.6149
788,26.1603
789,23.4090
790,32.1670
791,51.9696
792,26.0468
793,51.9485
794,26.2590
795,24.9192
796,25.2854
797,167.4315
798,42.1400
799,33.1361
800,29.0397
801,54.0120
802,33.2588
803,49.1877
804,58.2527
805,62.8656
806,55.3390
807,61.2649
808,31.3046
809,29.0360
810,29.6257
811,30.8346
812,57.8361
813,56.3024
814,30.5343
815,53.0330
816,123.8927
817,55.6783
818,54.2123
819,22.1785
820,21.6687
821,50.7780
822,23.5358
823,49.9698
824,47.0994
825,51.2216
826,47.4084
827,24.2092
828,23.3954
829,23.9227
830,51.3598
831,22.4746
832,24.3600
833,47.4607
834,24.5728
835,22.6721
836,52.5563
837,47.4171
838,25.1688
839,124.4417
840,27.5659
841,26.5464
842,35.1311
843,50.1070
844,27.2426
845,51.6828
846,23.6682
847,22.6958
848,22.8644
849,23.3186
850,22.8948
851,54.5277
852,27.9930
853,22.6377
854,55.8819
855,35.2740
856,23.5267
857,27.7036
858,25.8186
859,53.9790
860,23.1049
861,46.4837
862,24.3054
863,21.7194
864,22.8139
865,122.6034
866,27.6621
867,58.8232
868,21.2359
869,46.7134
870,49.2797
871,42.7744
872,24.0634
873,53.6888
874,51.8135
875,22.0905
876,27.5667
877,20.9352
878,22.3580
879,52.4380
880,37.3896
881,47.5913
882,36.1451
883,35.0502
884,49.2002
885,27.5885
886,32.1266
887,153.0168
888,50.0600
889,30.8410
890,53.4147
891,24.5958
892,25.1688
893,55.1084
894,46.7776
895,57.1978
896,25.0936
897,49.4347
898,23.0755
899,50.7166
900,46.9415
901,29.8515
902,29.3108
903,52.8657
904,22.0974
905,25.1911
906,23.4479
907,50.6378
908,25.7683
909,152.4070
910,32.5457
911,49.0456
912,21.5305
913,23.8541
914,46.4925
915,50.7727
916,22.2144
917,22.6626
918,49.9400
919,22.1179
920,21.0851
921,23.2280
922,22.2097
923,22.3406
924,45.4643
925,22.5530
926,21.3697
927,22.1650
928,52.0104
929,52.6737
930,21.7240
931,22.6596
932,43.4754
933,44.3216
934,22.1548
935,22.6676
936,147.2685
937,46.9613
938,47.2069
939,44.6736
940,50.1759
941,53.5541
942,21.7683
943,47.3832
944,23.3948
945,47.0953
946,22.3047
947,47.4882
948,22.7135
949,43.8633
950,44.2027
951,40.5484
952,50.3480
953,23.7096
954,48.8986
955,23.4913
956,46.3121
957,26.0725
958,129.2991
959,53.0466
960,19.8889
961,22.2760
962,48.5684
963,22.5998
964,36.8906
965,22.9052
966,22.0368
967,23.2838
968,48.8686
969,51.1216
970,54.4650
971,25.8510
972,25.2454
973,26.5297
974,26.6073
975,47.5458
976,23.4071
977,24.1787
978,23.6022
979,48.6063
980,23.2324
981,25.9349
982,25.2082
983,50.2978
984,124.0828
985,49.6687
986,31.9560
987,24.2546
988,23.4768
989,24.8953
990,24.1075
991,24.9819
992,47.0974
993,49.9464
994,26.1282
995,26.0225
996,22.5821
997,44.4695
998,52.1421
999,26.2676
1000,23.2531
1001,23.6690
1002,57.5453
1003,26.6660
1004,24.3183
1005,25.2857
1006,27.8362
1007,25.3526
1008,23.5113
1009,27.4825
1010,25.9353
1011,128.6371
1012,26.4831
1013,48.1955
1014,58.1666
1015,59.8423
1016,22.7094
1017,49.5927
1018,29.3783
1019,27.1191
1020,28.3853
1021,52.8192
1022,56.0030
1023,23.4525
1024,27.6813
1025,29.2225
1026,25.5090
1027,26.1816
1028,49.6668
1029,32.9994
1030,50.8865
1031,26.9219
1032,26.3562
1033,151.4382
1034,25.5490
1035,33.9361
1036,47.7535
1037,25.4009
1038,45.4788
1039,21.4836
1040,47.6130
1041,45.3435
1042,24.5626
1043,24.4009
1044,23.1231
1045,22.5882
1046,22.4085
1047,22.2651
1048,21.7934
1049,20.4012
1050,22.4083
1051,22.2455
1052,23.1545
1053,44.1536
1054,24.7983
1055,22.6307
1056,21.5911
1057,50.2937
1058,23.3863
1059,22.8371
1060,23.0991
1061,45.0724
1062,123.0669
1063,24.1954
1064,23.6520
1065,45.3987
1066,20.5227
1067,23.7922
1068,21.8137
1069,47.3141
1070,22.1907
1071,44.6347
1072,44.0725
1073,48.4468
1074,19.7908
1075,49.9163
1076,23.9016
1077,23.6313
1078,20.1404
1079,44.9221
1080,46.5767
1081,26.1124
1082,26.0896
1083,47.5314
1084,22.4022
1085,48.0823
1086,44.0505
1087,122.7533
1088,47.3824
1089,24.7986
1090,26.2864
1091,24.4042
1092,24.9712
1093,28.5051
1094,30.1360
1095,22.2161
1096,22.3739
1097,23.3257
1098,44.7110
1099,22.5726
1100,26.8952
1101,22.2602
1102,23.4094
1103,24.2236
1104,23.5452
1105,47.4077
1106,49.6275
1107,22.5112
1108,25.1057
1109,44.3565
1110,23.2248
1111,23.7767
1112,25.0708
1113,21.9034
1114,46.6002
1115,21.2018
1116,122.3578
1117,24.0460
1118,22.2611
1119,23.1141
1120,27.1176
1121,22.9419
1122,44.6957
1123,25.1960
1124,42.3888
1125,22.2009
1126,21.3818
1127,50.4753
1128,22.8591
1129,20.5555
1130,21.6684
1131,27.6145
1132,47.1471
1133,21.4081
1134,21.9337
1135,21.2772
1136,21.5895
1137,21.6056
1138,20.8534
1139,21.8907
1140,21.5478
1141,21.0577
1142,46.2460
1143,20.5368
1144,22.0966
1145,46.6187
1146,22.0676
1147,122.8735
1148,27.7913
1149,26.4672
1150,24.7821
1151,23.6498
1152,25.0930
1153,44.2467
1154,45.9286
1155,45.3659
1156,23.8771
1157,23.7015
1158,23.8478
1159,22.9014
1160,48.7010
1161,50.7199
1162,50.4366
1163,24.6405
1164,25.5792
1165,23.5631
1166,52.5749
1167,23.1871
1168,47.1442
1169,22.5998
1170,26.9699
1171,27.4528
1172,24.2312
1173,23.3161
1174,124.7215
1175,25.3330
1176,50.6980
1177,46.9525
1178,23.0885
1179,23.3835
1180,29.2405
1181,25.2707
1182,24.6570
1183,24.4322
1184,23.0752
1185,21.5180
1186,61.5807
1187,62.0185
1188,25.2426
1189,22.5315
1190,21.5885
1191,44.6552
1192,46.8656
1193,24.9223
1194,55.6231
1195,31.3644
1196,48.3480
1197,49.8657
1198,125.9936
1199,56.5320
1200,19.8082
1201,21.2181
1202,44.2800
1203,49.1026
1204,48.7659
1205,23.4415
1206,24.4620
1207,49.7249
1208,48.8077
1209,44.9938
1210,49.8416
1211,21.6492
1212,51.5607
1213,20.7844
1214,24.5163
1215,50.2300
1216,44.4264
1217,47.0526
1218,22.7449
1219,45.3073
1220,124.5464
1221,27.2340
1222,46.6062
1223,50.5198
1224,22.4760
1225,56.5401
1226,22.0660
1227,49.7996
1228,29.4804
1229,28.0327
1230,26.3164
1231,21.2677
1232,22.8140
1233,22.9844
1234,22.2122
1235,23.0314
1236,22.8658
1237,23.3403
1238,23.4119
1239,49.4596
1240,20.9527
1241,44.1580
1242,20.9809
1243,22.9324
1244,44.3651
1245,47.8562
1246,21.6430
1247,144.6587
1248,52.2785
1249,50.2770
1250,49.2564
1251,22.7025
1252,23.3737
1253,20.6119
1254,50.1188
1255,20.7868
1256,21.6348
1257,20.5126
1258,20.3404
1259,27.7974
1260,21.3893
1261,23.0190
1262,22.1517
1263,23.2280
1264,44.5385
1265,22.7074
1266,29.7275
1267,26.1716
1268,22.7702
1269,20.6015
1270,48.7688
1271,56.8588
1272,21.8890
1273,23.5431
1274,151.4060
1275,25.1574
1276,17.4967
1277,50.5478
1278,50.1754
1279,20.7476
1280,23.6108
1281,25.9839
1282,47.4263
1283,20.5087
1284,45.4736
1285,24.5625
1286,23.5020
1287,22.5061
1288,21.4850
1289,20.6442
1290,41.4511
1291,19.2947
1292,22.8578
1293,51.8605
1294,48.9352
1295,44.9851
1296,45.0575
1297,23.9135
1298,49.6776
1299,148.0230
1300,25.3739
1301,22.8873
1302,24.8358
1303,23.8542
1304,44.0971
1305,22.6606
1306,22.3448
1307,25.0605
1308,23.3487
1309,25.5729
1310,23.1412
1311,44.1189
1312,23.7785
1313,22.9082
1314,22.7169
1315,50.2290
1316,25.0595
1317,31.4638
1318,49.6250
1319,25.3964
1320,23.4185
1321,48.0668
1322,20.4080
1323,43.2446
1324,21.6169
1325,22.1989
1326,23.7548
1327,22.4556
1328,146.9239
1329,26.3377
1330,53.0491
1331,48.4918
1332,50.2940
1333,49.5613
1334,23.4429
1335,23.8239
1336,22.6928
1337,44.0319
1338,43.7088
1339,23.2560
1340,50.8322
1341,43.9036
1342,48.4547
1343,24.7348
1344,22.5005
1345,22.9311
1346,23.2453
1347,44.5212
1348,22.5547
1349,24.1323
1350,22.6534
1351,23.0673
1352,23.2018
1353,22.2201
1354,146.8210
1355,23.8666
1356,28.5046
1357,47.7909
1358,46.1108
1359,23.6899
1360,22.3366
1361,44.2655
1362,21.7156
1363,22.2378
1364,22.0766
1365,22.6834
1366,22.8178
1367,41.0232
1368,21.4775
1369,19.2083
1370,46.2787
1371,21.5250
1372,22.5767
1373,21.8721
1374,17.5790
1375,17.0323
1376,20.5841
1377,19.7348
1378,20.3622
1379,22.7340
1380,22.1238
1381,21.2865
1382,42.2854
1383,22.0996
1384,21.5198
1385,122.1293
1386,26.3413
1387,50.0569
1388,24.5684
1389,51.3509
1390,22.2479
1391,21.8219
1392,21.5243
1393,21.1160
1394,46.4166
1395,20.8737
1396,46.3170
1397,21.5604
1398,21.7233
1399,44.3635
1400,22.7851
1401,24.4616
1402,24.2355
1403,23.0053
1404,49.4292
1405,32.1384
1406,21.1132
1407,32.8544
1408,23.6304
1409,35.1192
1410,21.8744
1411,48.9713
1412,24.9917
1413,125.3358
1414,26.6184
1415,59.6599
1416,23.5357
1417,51.2059
1418,40.9478
1419,19.9773
1420,25.9588
1421,25.2733
1422,26.3485
1423,28.1180
1424,50.8062
1425,29.9302
1426,28.0570
1427,31.8776
1428,43.8256
1429,24.6696
1430,47.9636
1431,53.3967
1432,28.8880
1433,18.2215
1434,22.2837
1435,19.6149
1436,22.2602
1437,48.4844
1438,122.9179
1439,25.5025
1440,23.8801
1441,49.1813
1442,19.5320
1443,21.8834
1444,22.3195
1445,22.5388
1446,22.1687
1447,48.4682
1448,20.4621
1449,23.3217
1450,47.9641
1451,26.1963
1452,25.4436
1453,46.7800
1454,26.3532
1455,48.4047
1456,23.9742
1457,47.3275
1458,44.6310
1459,23.7253
1460,23.2140
1461,23.5128
1462,24.0257
1463,46.4881
1464,50.3197
1465,124.8618
1466,27.3888
1467,46.7797
1468,48.3565
1469,48.9155
1470,47.7868
1471,25.3597
1472,23.5666
1473,23.2129
1474,25.2492
1475,45.9437
1476,49.4151
1477,49.6284
1478,22.5957
1479,24.1799
1480,22.8898
1481,22.5730
1482,47.0564
1483,47.2249
1484,22.4550
1485,45.0444
1486,43.2961
1487,47.9230
1488,21.7282
1489,124.2972
1490,25.4778
1491,24.7595
1492,22.1787
1493,49.2936
1494,46.6373
1495,21.6546
1496,22.7457
1497,47.0427
1498,43.4978
1499,24.4839
1500,43.3561
1501,46.7885
1502,22.2932
1503,46.7021
1504,46.5529
1505,21.5825
1506,22.4401
1507,49.2190
1508,20.3340
1509,22.9347
1510,21.8408
1511,47.0422
1512,20.8854
1513,48.7154
1514,21.4983
1515,144.7148
1516,49.2714
1517,43.9060
1518,47.1917
1519,21.8843
1520,22.2523
1521,21.3761
1522,24.4239
1523,23.8026
1524,50.8307
1525,44.4836
1526,23.9536
1527,23.7389
1528,21.4704
1529,23.5836
1530,23.4930
1531,44.3706
1532,21.3123
1533,21.3996
1534,43.8048
1535,22.7942
1536,23.3924
1537,22.5434
1538,22.7591
1539,23.7912
1540,15.3996
1541,21.8528
1542,50.3179
1543,148.7901
1544,51.5080
1545,51.4190
1546,51.0302
1547,21.0017
1548,45.9931
1549,21.9738
1550,21.5779
1551,49.9145
1552,50.5379
1553,24.5489
1554,44.2887
1555,43.0807
1556,22.2846
1557,23.9789
1558,23.1241
1559,43.8992
1560,22.4383
1561,42.6842
1562,16.6318
1563,41.7256
1564,21.8874
1565,43.0565
1566,19.9079
1567,144.9856
1568,24.4174
1569,39.8764
1570,45.7807
1571,19.8415
1572,20.4507
1573,21.1178
1574,18.6966
1575,21.3961
1576,21.9850
1577,21.3341
1578,21.7784
1579,47.7293
1580,22.3238
1581,46.4245
1582,19.0542
1583,52.0784
1584,22.3360
1585,22.0044
1586,20.3950
1587,19.6028
1588,21.3644
1589,20.0866
1590,3.4094
1591,22.2277
1592,21.9303
1593,43.5363
1594,50.6051
1595,124.6789
1596,24.8205
1597,23.1735
1598,22.2527
1599,49.2244
1600,24.2512
1601,22.7320
1602,23.5953
1603,20.8367
1604,51.5164
1605,42.2680
1606,20.0760
1607,26.7174
1608,21.6691
1609,18.5351
1610,24.6495
1611,24.0803
1612,20.6131
1613,23.7191
1614,0.8657
1615,51.0750
1616,22.1953
1617,21.4676
1618,23.9976
1619,41.8504
1620,23.7725
1621,18.8900
1622,22.2004
1623,122.3120
1624,22.6830
1625,19.8822
1626,41.1915
1627,12.8939
1628,20.1242
1629,40.1718
1630,23.1995
1631,21.6307
1632,7.9915
1633,23.7380
1634,17.6138
1635,16.7043
1636,19.6724
1637,43.4300
1638,20.8370
1639,19.1700
1640,23.5888
1641,21.1994
1642,19.5001
1643,48.0181
1644,20.6250
1645,18.9877
1646,0.7984
1647,51.1498
1648,20.5028
1649,21.6326
1650,22.3780
1651,19.1460
1652,140.8171
1653,24.0330
1654,40.4318
1655,20.8030
1656,22.9633
1657,22.1868
1658,20.2815
1659,48.3254
1660,41.4659
1661,15.0935
1662,10.8048
1663,52.1026
1664,19.6980
1665,20.6698
1666,21.9793
1667,45.4891
1668,19.9567
1669,21.4056
1670,20.7758
1671,14.6454
1672,18.8650
1673,21.4633
1674,22.4415
1675,22.4452
1676,18.5903
1677,22.2542
1678,21.2311
1679,42.4018
1680,19.7677
1681,151.8467
1682,23.5792
1683,24.9407
1684,48.3521
1685,22.5537
1686,40.7758
1687,47.7907
1688,22.4130
1689,18.4393
1690,19.1717
1691,19.5411
1692,52.2209
1693,16.8969
1694,19.8476
1695,22.2646
1696,21.4482
1697,21.8166
1698,16.6660
1699,25.3679
1700,17.5619
1701,20.8595
1702,22.0536
1703,48.0722
1704,22.1137
1705,21.7994
1706,41.0702
1707,19.9353
1708,101.0063
1709,23.7046
1710,19.2413
1711,4.4009
1712,54.2092
1713,50.0655
1714,1.4128
1715,25.8801
1716,1.0930
1717,23.9079
1718,20.7961
1719,21.8329
1720,17.7739
1721,21.6436
1722,54.0812
1723,24.5334
1724,20.9228
1725,52.7453
1726,25.8089
1727,55.8602
1728,22.0027
1729,50.5486
1730,19.1340
1731,22.5708
1732,151.7210
1733,26.8426
1734,55.2292
1735,19.6763
1736,24.3292
1737,20.7301
1738,45.8055
1739,54.1221
1740,22.0768
1741,51.3851
1742,44.4483
1743,23.8821
1744,53.3409
1745,21.6644
1746,14.4311
1747,25.1283
1748,24.7217
1749,25.9719
1750,28.8839
1751,26.7112
1752,25.3547
1753,25.5886
1754,24.8207
1755,25.3354
1756,28.5794
1757,24.1546
1758,126.6116
1759,26.2703
1760,54.5581
1761,53.7360
1762,25.3615
1763,48.4454
1764,24.2831
1765,25.0869
1766,52.0176
1767,25.7399
1768,24.7702
1769,50.8357
1770,24.7658
1771,24.6034
1772,25.3524
1773,24.4996
1774,23.6429
1775,24.0912
1776,23.2553
1777,24.7733
1778,26.3395
1779,37.5452
1780,25.7413
1781,24.3097
1782,23.1078
1783,23.4110
1784,24.8610
1785,20.9960
1786,124.9122
1787,52.5881
1788,45.9802
1789,24.1472
1790,24.0970
1791,28.2846
1792,52.9790
1793,51.4533
1794,23.3233
1795,24.1569
1796,27.8308
1797,53.5882
1798,50.1587
1799,25.6775
1800,25.9100
1801,24.7000
1802,24.3774
1803,24.4092
1804,24.5514
1805,25.6560
1806,24.9427
1807,27.0737
1808,25.4234
1809,45.2455
1810,51.5490
1811,153.1102
1812,28.3773
1813,24.2567
1814,23.7116
1815,22.6139
1816,57.8874
1817,53.0328
1818,26.0347
1819,27.7963
1820,23.4581
1821,51.3156
1822,54.7758
1823,57.5544
1824,23.5586
1825,27.3228
1826,27.1270
1827,56.3666
1828,56.4607
1829,30.3253
1830,30.2901
1831,24.1022
1832,24.3729
1833,27.8425
1834,154.2790
1835,29.3714
1836,24.3724
1837,22.0047
1838,48.8295
1839,57.4089
1840,28.1330
1841,25.4445
1842,50.6809
1843,24.8534
1844,25.7901
1845,52.6027
1846,27.0575
1847,48.4788
1848,47.9583
1849,23.6180
1850,51.8627
1851,26.3693
1852,32.7412
1853,24.8014
1854,49.4340
1855,28.3592
1856,25.6548
1857,49.9975
1858,159.8945
1859,51.4366
1860,27.1340
1861,24.3485
1862,55.0768
1863,24.7360
1864,48.2565
1865,26.0435
1866,23.4676
1867,23.7506
1868,25.1526
1869,27.5867
1870,24.3398
1871,54.5358
1872,26.0215
1873,47.6970
1874,23.6170
1875,52.3100
1876,24.5047
1877,50.2519
1878,45.6680
1879,46.6484
1880,44.3898
1881,23.6105
1882,121.1827
1883,49.0347
1884,20.4533
1885,22.5785
1886,23.7383
1887,45.4373
1888,28.3972
1889,21.0474
1890,62.1140
1891,19.2187
1892,21.2979
1893,24.6591
1894,22.0681
1895,56.8071
1896,22.3178
1897,21.9446
1898,20.7158
1899,22.8945
1900,23.1651
1901,27.7852
1902,23.6647
1903,40.9379
1904,34.1458
1905,23.0559
1906,20.5548
1907,49.3843
1908,21.1794
1909,150.1837
1910,23.7397
1911,54.5074
1912,23.6790
1913,48.7550
1914,24.3443
1915,24.0104
1916,53.6762
1917,50.1042
1918,48.1915
1919,23.3259
1920,50.2624
1921,25.8248
1922,22.2238
1923,23.0186
1924,22.0955
1925,22.8019
1926,25.4145
1927,1.0934
1928,28.6932
1929,24.8893
1930,31.9952
1931,49.3049
1932,25.0615
1933,23.2614
1934,22.0822
1935,125.0505
1936,26.7738
1937,24.5553
1938,28.1529
1939,24.2995
1940,26.0197
1941,24.4337
1942,26.1029
1943,22.4320
1944,56.4576
1945,33.1475
1946,23.0560
1947,51.5234
1948,27.3134
1949,26.9561
1950,25.2885
1951,25.8821
1952,26.1512
1953,22.5710
1954,23.2879
1955,25.8824
1956,21.2012
1957,27.0093
1958,27.0183
1959,25.5624
1960,34.6666
1961,26.6133
1962,50.3820
1963,130.5379
1964,25.5324
1965,30.9557
1966,47.9763
1967,28.1655
1968,44.3590
1969,52.9246
1970,47.5552
1971,51.2466
1972,25.7321
1973,27.7797
1974,26.1841
1975,26.5062
1976,48.5156
1977,30.9845
1978,51.2425
1979,53.0617
1980,53.7619
1981,23.8177
1982,50.2335
1983,54.1479
1984,23.7266
1985,149.5277
1986,54.4974
1987,26.1513
1988,48.2972
1989,24.6461
1990,24.6813
1991,50.9249
1992,25.1302
1993,26.0022
1994,24.1916
1995,25.5137
1996,47.9125
1997,23.7065
1998,48.3549
1999,51.4268
2000,25.7416
2001,57.3904
2002,46.3987
2003,23.9736
2004,25.8320
2005,55.3920
2006,31.3253
2007,56.8001
2008,123.6661
2009,32.9482
2010,26.9088
2011,23.9480
2012,27.7775
2013,23.8443
2014,54.2785
2015,24.4812
2016,26.0231
2017,49.1646
2018,53.8519
2019,27.6436
2020,24.0110
2021,24.5455
2022,45.8681
2023,23.9152
2024,45.8224
2025,26.1110
2026,25.6897
2027,26.9839
2028,24.6242
2029,53.4594
2030,23.8321
2031,22.9670
2032,50.5887
2033,24.2481
2034,123.6123
2035,26.5354
2036,27.0714
2037,50.6596
2038,48.5507
2039,50.8475
2040,52.8459
2041,35.2247
2042,26.5072
2043,22.4059
2044,25.1172
2045,28.5876
2046,53.9357
2047,23.5503
2048,23.8675
2049,24.8451
2050,51.5412
2051,24.4089
2052,25.0005
2053,51.5345
2054,22.4566
2055,22.9118
2056,50.5481
2057,24.8880
2058,152.8766
2059,26.8441
2060,24.3321
2061,52.6773
2062,53.5675
2063,23.1365
2064,24.6084
2065,28.3795
2066,27.2586
2067,24.5804
2068,29.2497
2069,24.8627
2070,24.2113
2071,25.8326
2072,26.3196
2073,54.3836
2074,48.6508
2075,24.1390
2076,24.1740
2077,25.9919
2078,23.2520
2079,24.2456
2080,22.8657
2081,52.7806
2082,52.1411
2083,25.1681
2084,151.4922
2085,29.3106
2086,54.2571
2087,52.6967
2088,24.6157
2089,25.0081
2090,53.4621
2091,25.4202
2092,50.8149
2093,25.0470
2094,26.6929
2095,26.0419
2096,27.6575
2097,27.2364
2098,53.9636
2099,26.1583
2100,26.5204
2101,55.5545
2102,25.6600
2103,26.7396
2104,50.2093
2105,23.6849
2106,23.8850
2107,52.2951
2108,148.1618
2109,49.7734
2110,26.8778
2111,28.3058
2112,27.1066
2113,27.6242
2114,25.6529
2115,23.7447
2116,23.9527
2117,49.7887
2118,23.0136
2119,22.8821
2120,25.6480
2121,51.7978
2122,26.3400
2123,26.0233
2124,51.9248
2125,26.2115
2126,24.4964
2127,47.7214
2128,24.6404
2129,25.4457
2130,24.5602
2131,47.5522
2132,47.0424
2133,24.9283
2134,22.9982
2135,153.2342
2136,51.4762
2137,51.4352
2138,47.0934
2139,24.9986
2140,49.9158
2141,22.0391
2142,27.4430
2143,25.9540
2144,24.3973
2145,23.8039
2146,54.3459
2147,25.2140
2148,26.1597
2149,49.9952
2150,46.9040
2151,27.2276
2152,27.1519
2153,24.8977
2154,25.4634
2155,24.5150
2156,25.4614
2157,47.5205
2158,24.7970
2159,51.6557
2160,150.9760
2161,54.3156
2162,25.5359
2163,26.0697
2164,24.2108
2165,49.0662
2166,26.3589
2167,24.6944
2168,23.8748
2169,52.1323
2170,24.3546
2171,24.9019
2172,52.6905
2173,24.7283
2174,24.2894
2175,26.2337
2176,47.4166
2177,50.9439
2178,47.2679
2179,26.9417
2180,25.4466
2181,23.9134
2182,24.8979
2183,26.0630
2184,24.3613
2185,25.2159
2186,24.8536
2187,126.3545
2188,49.1683
2189,51.5811
2190,26.0629
2191,51.4009
2192,26.1461
2193,26.0231
2194,24.1111
2195,24.3369
2196,26.0856
2197,25.4122
2198,23.3638
2199,24.5820
2200,25.7830
2201,26.2203
2202,25.3251
2203,51.9452
2204,54.0929
2205,23.4993
2206,48.9468
2207,23.0944
2208,26.2872
2209,24.6133
2210,25.3101
2211,25.7684
2212,24.1043
2213,49.0528
2214,124.2142
2215,27.6620
2216,24.8317
2217,49.3013
2218,27.3339
2219,25.4000
2220,24.7529
2221,22.6495
2222,49.7745
2223,24.2246
2224,46.5484
2225,46.9830
2226,54.8525
2227,19.7047
2228,23.5205
2229,23.0336
2230,49.7430
2231,24.7781
2232,50.1138
2233,24.5751
2234,23.5231
2235,45.4393
2236,45.6328
2237,49.3735
2238,24.4706
2239,125.3433
2240,27.5138
2241,20.5699
2242,47.2942
2243,25.3419
2244,23.9485
2245,25.5840
2246,49.2316
2247,27.2017
2248,51.8940
2249,25.4106
2250,47.8177
2251,23.8468
2252,24.8142
2253,22.9896
2254,47.3239
2255,45.4930
2256,25.0013
2257,25.4554
2258,25.0113
2259,23.9744
2260,33.5731
2261,50.9097
2262,24.3201
2263,52.3723
2264,152.4888
2265,26.3809
2266,26.7106
2267,28.4356
2268,24.3860
2269,27.1120
2270,51.6058
2271,53.2713
2272,24.3525
2273,23.2220
2274,50.1909
2275,55.2409
2276,51.6932
2277,47.2198
2278,23.9999
2279,23.9724
2280,22.9057
2281,25.2107
2282,25.3218
2283,47.8317
2284,24.9623
2285,50.7707
2286,22.0008
2287,51.0278
2288,151.4412
2289,27.2647
2290,26.0454
2291,45.7393
2292,27.1556
2293,57.2579
2294,30.0335
2295,26.6722
2296,28.8929
2297,24.6093
2298,26.5910
2299,24.8936
2300,57.2060
2301,23.9642
2302,21.6304
2303,49.9842
2304,51.8558
2305,20.2632
2306,27.6921
2307,45.7956
2308,24.6384
2309,53.3167
2310,32.3948
2311,23.6219
2312,124.0504
2313,51.4251
2314,26.2309
2315,25.0822
2316,24.0281
2317,24.6399
2318,24.7400
2319,26.1083
2320,48.3220
2321,24.6856
2322,46.8112
2323,49.1465
2324,46.7840
2325,24.4958
2326,22.8770
2327,25.1605
2328,24.4208
2329,25.0739
2330,25.0758
2331,23.9285
2332,50.2819
2333,45.9731
2334,48.0889
2335,20.8376
2336,23.1982
2337,23.5076
2338,145.7576
2339,25.2172
2340,25.2643
2341,53.6360
2342,46.8462
2343,46.6290
2344,26.0810
2345,25.1057
2346,24.8946
2347,48.1634
2348,24.1649
2349,26.3319
2350,23.7656
2351,23.1294
2352,23.1987
2353,45.8607
2354,23.2828
2355,23.5543
2356,23.6351
2357,23.7231
2358,22.5940
2359,23.5098
2360,26.1083
2361,25.7899
2362,25.6711
2363,23.8947
2364,23.6509
2365,24.1370
2366,47.9961
2367,123.6211
2368,25.4144
2369,24.7385
2370,26.9469
2371,26.9439
2372,45.9292
2373,23.0475
2374,23.2381
2375,25.0923
2376,24.7647
2377,23.0443
2378,24.1070
2379,49.4240
2380,50.4621
2381,23.9214
2382,23.7344
2383,49.5939
2384,44.1818
2385,24.0795
2386,46.2054
2387,24.1289
2388,44.2011
2389,24.2232
2390,51.5997
2391,46.6434
2392,150.0461
2393,26.1702
2394,22.7341
2395,49.2761
2396,20.9706
2397,22.6686
2398,44.4366
2399,24.7861
2400,49.9827
2401,47.8482
2402,24.4446
2403,23.1893
2404,46.0958
2405,47.6973
2406,22.8248
2407,21.4306
2408,20.2429
2409,46.1794
2410,23.5460
2411,49.5942
2412,22.4750
2413,22.8438
2414,45.5180
2415,21.9675
2416,26.1432
2417,24.4938
2418,20.9275
2419,147.3386
2420,51.7596
2421,49.0559
2422,44.1049
2423,23.9389
2424,48.4488
2425,22.7297
2426,23.1697
2427,17.1878
2428,22.8203
2429,51.0170
2430,24.2623
2431,19.9388
2432,22.1745
2433,26.3776
2434,22.8542
2435,20.9778
2436,48.7053
2437,47.7271
2438,23.6829
2439,26.5521
2440,26.7340
2441,24.2832
2442,30.8549
2443,28.9212
2444,25.7726
2445,21.3729
2446,146.8899
2447,24.2041
2448,25.8775
2449,28.1111
2450,44.0832
2451,21.9346
2452,24.4792
2453,24.4667
2454,22.6514
2455,22.8441
2456,24.2761
2457,24.6265
2458,52.1727
2459,21.6424
2460,52.8284
2461,24.0250
2462,25.0232
2463,28.5632
2464,21.6704
2465,24.7508
2466,25.7333
2467,51.9604
2468,20.9974
2469,23.5003
2470,23.5714
2471,21.9667
2472,50.0559
2473,30.4783
2474,146.2120
2475,24.6387
2476,23.3991
2477,24.8704
2478,21.8560
2479,21.2964
2480,49.1125
2481,22.0409
2482,22.9072
2483,23.2464
2484,22.0382
2485,22.6573
2486,49.3359
2487,23.6499
2488,24.2629
2489,50.0150
2490,23.4196
2491,24.6005
2492,24.8527
2493,25.3043
2494,25.3433
2495,26.7567
2496,26.3563
2497,24.9364
2498,51.6138
2499,26.2875
2500,46.3282
2501,53.9016
2502,123.8427
2503,25.6971
2504,26.0727
2505,24.4531
2506,24.8047
2507,50.0270
2508,49.6527
2509,25.4836
2510,51.7083
2511,24.2611
2512,49.9788
2513,25.3599
2514,24.9742
2515,50.3679
2516,25.0579
2517,46.6732
2518,23.2263
2519,23.3822
2520,22.9953
2521,23.8223
2522,23.5332
2523,23.9670
2524,50.1344
2525,49.6465
2526,49.7804
2527,148.3675
2528,53.9982
2529,22.9842
2530,50.1375
2531,24.9221
2532,23.1711
2533,29.7541
2534,25.4617
2535,25.9128
2536,46.2624
2537,23.5151
2538,27.8978
2539,46.2930
2540,49.0441
2541,24.3400
2542,23.9758
2543,23.5416
2544,24.0511
2545,24.0564
2546,24.1591
2547,23.7435
2548,24.0692
2549,46.1349
2550,21.7029
2551,22.1360
2552,21.7101
2553,23.6803
2554,154.9131
2555,29.4699
2556,20.6705
2557,20.5047
2558,21.9516
2559,25.1677
2560,20.2739
2561,21.4840
2562,44.5207
2563,48.2311
2564,21.8492
2565,22.2795
2566,47.0936
2567,24.3067
2568,23.9543
2569,21.0455
2570,21.0401
2571,23.5529
2572,22.8689
2573,25.1027
2574,26.7011
2575,48.0872
2576,23.7681
2577,24.4360
2578,27.8050
2579,26.1127
2580,24.6762
2581,23.7245
2582,24.2983
2583,22.6436
2584,125.2627
2585,24.3695
2586,26.1156
2587,20.5340
2588,20.2613
2589,27.3308
2590,21.8956
2591,48.6241
2592,49.1799
2593,22.3325
2594,48.6682
2595,50.5432
2596,24.1858
2597,23.6603
2598,23.4299
2599,51.2306
2600,46.5190
2601,25.1199
2602,25.0600
2603,23.4422
2604,25.5101
2605,23.2463
2606,23.4887
2607,23.9430
2608,23.0346
2609,24.0841
2610,22.7725
2611,24.2572
2612,23.5462
2613,123.1176
2614,26.7871
2615,49.4974
2616,24.3187
2617,24.1470
2618,23.0425
2619,55.1434
2620,52.1772
2621,21.6509
2622,26.1472
2623,24.1325
2624,54.4828
2625,44.5674
2626,46.1641
2627,23.7925
2628,24.4169
2629,50.8733
2630,23.6688
2631,22.9636
2632,21.1454
2633,49.3004
2634,44.9399
2635,49.0880
2636,49.3203
2637,123.3265
2638,26.4403
2639,28.6888
2640,24.5958
2641,48.9754
2642,23.7878
2643,23.4146
2644,22.5386
2645,23.9835
2646,23.7349
2647,22.9353
2648,22.9839
2649,23.8670
2650,48.5180
2651,43.3088
2652,49.0482
2653,23.1808
2654,23.4870
2655,22.5330
2656,51.5386
2657,46.3203
2658,51.0680
2659,50.3173
2660,23.6005
2661,24.0456
2662,50.9205
2663,147.3872
2664,27.7082
2665,54.0954
2666,24.4188
2667,45.8892
2668,50.1228
2669,24.8253
2670,25.3636
2671,21.6544
2672,50.7254
2673,50.4542
2674,24.0211
2675,23.0249
2676,25.0223
2677,25.4263
2678,50.9151
2679,24.8568
2680,47.1962
2681,24.7673
2682,25.2369
2683,50.6557
2684,46.5021
2685,52.4060
2686,23.3862
2687,125.2590
2688,54.5627
2689,23.1846
2690,20.8131
2691,50.7300
2692,24.7284
2693,24.0536
2694,46.1852
2695,23.2890
2696,23.1013
2697,24.9411
2698,49.8720
2699,49.9049
2700,24.6409
2701,51.3452
2702,51.2934
2703,24.3043
2704,22.6906
2705,52.6792
2706,52.4011
2707,56.3822
2708,21.7214
2709,26.2807
2710,22.4746
2711,159.3627
2712,56.4521
2713,29.0648
2714,50.4338
2715,25.0987
2716,48.7264
2717,47.2530
2718,48.9306
2719,24.6381
2720,23.7078
2721,24.5016
2722,53.5773
2723,22.5939
2724,23.2306
2725,22.4818
2726,51.7321
2727,25.3182
2728,25.0094
2729,25.6639
2730,23.1943
2731,51.0798
2732,23.6674
2733,24.1440
2734,49.9311
2735,151.2942
2736,51.8931
2737,48.4841
2738,48.4804
2739,25.3568
2740,24.6647
2741,23.3310
2742,21.6920
2743,21.6458
2744,64.9360
2745,21.8610
2746,22.4478
2747,50.2694
2748,23.6454
2749,24.7011
2750,25.2668
2751,23.9030
2752,25.0776
2753,27.2884
2754,25.3266
2755,24.8738
2756,26.2904
2757,25.4557
2758,27.1457
2759,23.6343
2760,63.6158
2761,153.6797
2762,28.4004
2763,28.3902
2764,51.9289
2765,25.6628
2766,26.0004
2767,22.9961
2768,50.3820
2769,46.9123
2770,47.1373
2771,51.5573
2772,24.2846
2773,23.3629
2774,25.1699
2775,48.5748
2776,22.8580
2777,23.9698
2778,47.0395
2779,24.2491
2780,53.7740
2781,25.2940
2782,52.1077
2783,20.9468
2784,26.7044
2785,150.3356
2786,27.7659
2787,51.9455
2788,23.5490
2789,24.6431
2790,54.5155
2791,56.6034
2792,24.9999
2793,50.6576
2794,54.0115
2795,26.0591
2796,26.1945
2797,25.3460
2798,53.5598
2799,52.1441
2800,22.8653
2801,49.2516
2802,25.9667
2803,26.5592
2804,26.2658
2805,25.8140
2806,26.2687
2807,21.8692
2808,46.8852
2809,148.4523
2810,27.7165
2811,27.5226
2812,44.4963
2813,24.3947
2814,23.5021
2815,49.1082
2816,22.6826
2817,18.1561
2818,27.1820
2819,24.0058
2820,51.5025
2821,21.1404
2822,24.2825
2823,25.8256
2824,21.2546
2825,24.6460
2826,21.0581
2827,48.8834
2828,26.3835
2829,26.7786
2830,20.4786
2831,26.3207
2832,24.6778
2833,25.8663
2834,24.4783
2835,23.0179
2836,45.8747
2837,149.0015
2838,52.3041
2839,30.0576
2840,23.9025
2841,22.0003
2842,50.6807
2843,24.1881
2844,26.5591
2845,5.8678
2846,26.4394
2847,22.4872
2848,28.5186
2849,52.6521
2850,23.2657
2851,23.2692
2852,24.8090
2853,23.4719
2854,23.8826
2855,24.9337
2856,22.6589
2857,24.2587
2858,24.6667
2859,50.1443
2860,24.1015
2861,24.0966
2862,25.5121
2863,26.1377
2864,26.0475
2865,26.1716
2866,151.4621
2867,26.1975
2868,22.4253
2869,22.9624
2870,21.2045
2871,21.7300
2872,48.0381
2873,28.4757
2874,57.3777
2875,32.3224
2876,24.2432
2877,22.9584
2878,45.7127
2879,23.7424
2880,23.2256
2881,45.8841
2882,23.4306
2883,23.1756
2884,23.1632
2885,24.2022
2886,24.6724
2887,50.7463
2888,23.5865
2889,47.3145
2890,23.2246
2891,23.1788
2892,23.8886
2893,24.0186
2894,150.8139
2895,53.2361
2896,53.3971
2897,21.8365
2898,45.8056
2899,24.0992
2900,49.6486
2901,23.7529
2902,46.5320
2903,46.3926
2904,47.4014
2905,24.5584
2906,23.8317
2907,23.7973
2908,23.5048
2909,23.4836
2910,47.5084
2911,24.0047
2912,22.4627
2913,28.8316
2914,20.4497
2915,23.7338
2916,22.8860
2917,21.5650
2918,26.1015
2919,59.8208
2920,132.1007
2921,21.8491
2922,21.8759
2923,27.0653
2924,46.0895
2925,23.7304
2926,47.9659
2927,24.1301
2928,52.6919
2929,25.1434
2930,23.5921
2931,25.6113
2932,22.6794
2933,50.5015
2934,21.8707
2935,50.4434
2936,22.0168
2937,49.7671
2938,23.8278
2939,24.9259
2940,46.4689
2941,53.8341
2942,25.6264
2943,22.4414
2944,22.2635
2945,24.6911
2946,121.7633
2947,24.3580
2948,21.7024
2949,23.5490
2950,22.4296
2951,51.5608
2952,22.5810
2953,52.1805
2954,23.6343
2955,24.1102
2956,25.0343
2957,23.3955
2958,24.3543
2959,25.1315
2960,51.6436
2961,45.7876
2962,21.9394
2963,23.8617
2964,48.0227
2965,51.5259
2966,24.5681
2967,51.1218
2968,21.5147
2969,23.5012
2970,23.1100
2971,25.3061
2972,154.3240
2973,49.7247
2974,24.4300
2975,52.0852
2976,23.4620
2977,25.1817
2978,24.5621
2979,24.9275
2980,22.2754
2981,22.0702
2982,22.8353
2983,23.9211
2984,46.1010
2985,24.6230
2986,25.0807
2987,23.8164
2988,23.9933
2989,51.2271
2990,23.9233
2991,50.1599
2992,26.1180
2993,51.8029
2994,46.9633
2995,25.1878
2996,21.7466
2997,52.6004
2998,126.5864
2999,51.3808
3000,29.2197
3001,24.1274
3002,46.4170
3003,25.5822
3004,25.2233
3005,23.8655
3006,24.1543
3007,26.1460
3008,51.7697
3009,24.6146
3010,51.8653
3011,20.9467
3012,22.9498
3013,52.3316
3014,20.0980
3015,22.5715
3016,23.5867
3017,24.9102
3018,49.1067
3019,24.0830
3020,24.4459
3021,23.2850
3022,23.7543
3023,24.1522
3024,23.0995
3025,23.2004
3026,149.3187
3027,28.1854
3028,28.0533
3029,23.0149
3030,55.9158
3031,24.5642
3032,21.4088
3033,24.7485
3034,24.4733
3035,24.0674
3036,23.2911
3037,24.1775
3038,29.7143
3039,24.0519
3040,50.1164
3041,25.9474
3042,21.0282
3043,50.7022
3044,19.9828
3045,23.7489
3046,20.4703
3047,22.3678
3048,24.0296
3049,46.2921
3050,25.9769
3051,45.2862
3052,21.6890
3053,26.0905
3054,127.4594
3055,22.7199
3056,55.9397
3057,51.0956
3058,21.3863
3059,51.0442
3060,46.6425
3061,45.2968
3062,43.9561
3063,43.8659
3064,21.9661
3065,23.2212
3066,23.1725
3067,22.7686
3068,48.1806
3069,20.5881
3070,49.5022
3071,22.8316
3072,24.7084
3073,49.9437
3074,19.7753
3075,24.9458
3076,52.8712
3077,150.6754
3078,25.9070
3079,53.0156
3080,22.4765
3081,20.3636
3082,22.1886
3083,51.3402
3084,23.5749
3085,46.3428
3086,22.6806
3087,23.7695
3088,23.3669
3089,22.1182
3090,25.4726
3091,50.0563
3092,25.2487
3093,45.2531
3094,19.4929
3095,53.6350
3096,25.7083
3097,21.5997
3098,53.7384
3099,49.2630
3100,25.6337
3101,23.6706
3102,120.7804
3103,60.3125
3104,15.3912
3105,22.1006
3106,24.0153
3107,22.4583
3108,45.2977
3109,45.7977
3110,53.6216
3111,19.8813
3112,52.0122
3113,23.1130
3114,24.1514
3115,55.4836
3116,54.8151
3117,47.9742
3118,22.3893
3119,25.3320
3120,49.0826
3121,53.6924
3122,22.9673
3123,22.2550
3124,158.3384
3125,56.2515
3126,23.2856
3127,53.9824
3128,22.9223
3129,21.4376
3130,12.0887
3131,17.6961
3132,24.0403
3133,55.0982
3134,23.5664
3135,24.1669
3136,24.8263
3137,24.0798
3138,45.4963
3139,3.6736
3140,61.3454
3141,49.9117
3142,46.0471
3143,25.1033
3144,23.0781
3145,58.1886
3146,23.9779
3147,156.1410
3148,55.4858
3149,24.6560
3150,24.5709
3151,29.9398
3152,48.8688
3153,23.2216
3154,21.0317
3155,22.6417
3156,24.9061
3157,53.2464
3158,53.8619
3159,23.3761
3160,23.5254
3161,24.3923
3162,26.0234
3163,25.4802
3164,24.9132
3165,56.6239
3166,21.2137
3167,23.2645
3168,24.1744
3169,24.1714
3170,21.8025
3171,25.2548
3172,21.8272
3173,124.0975
3174,24.9347
3175,23.9950
3176,24.3485
3177,22.1981
3178,23.3416
3179,26.2230
3180,23.0376
3181,22.6549
3182,49.2448
3183,47.7591
3184,24.1369
3185,56.1977
3186,18.2282
3187,26.3793
3188,57.8540
3189,25.4405
3190,25.4610
3191,25.0715
3192,55.3243
3193,25.2569
3194,57.2039
3195,50.7928
3196,125.4221
3197,25.9372
3198,23.7120
3199,22.7512
3200,48.6141
3201,24.0526
3202,22.5898
3203,20.7496
3204,26.2529
3205,22.8968
3206,25.6078
3207,24.8231
3208,24.2537
3209,25.5715
3210,54.3395
3211,24.4885
3212,54.0288
3213,48.0516
3214,16.0337
3215,27.2954
3216,57.5972
3217,45.2519
3218,53.4928
3219,22.8944
3220,152.6383
3221,26.2696
3222,21.6445
3223,40.5320
3224,24.7667
3225,22.8865
3226,25.2438
3227,21.7712
3228,24.8606
3229,24.5136
3230,25.0951
3231,40.8509
3232,46.8302
3233,52.1009
3234,25.2192
3235,23.8443
3236,24.9609
3237,27.4852
3238,23.0925
3239,21.5448
3240,27.6105
3241,23.9692
3242,57.6114
3243,29.1034
3244,55.8307
3245,127.1785
3246,22.3416
3247,53.4226
3248,53.5320
3249,53.2241
3250,25.1582
3251,20.5690
3252,25.7808
3253,15.4656
3254,23.5621
3255,22.3880
3256,57.0937
3257,46.5338
3258,26.6212
3259,22.3154
3260,22.3206
3261,22.3139
3262,21.7974
3263,22.6570
3264,30.0765
3265,56.2506
3266,23.9690
3267,48.3683
3268,154.3666
3269,50.0080
3270,24.4072
3271,24.5265
3272,24.7932
3273,57.4002
3274,24.0324
3275,26.5192
3276,53.9625
3277,24.8973
3278,24.8721
3279,49.0210
3280,25.5205
3281,54.9304
3282,47.9585
3283,25.2778
3284,45.2763
3285,52.0340
3286,54.1190
3287,57.8942
3288,25.5638
3289,23.6698
3290,128.1757
3291,27.1558
3292,47.0567
3293,48.0061
3294,23.9771
3295,54.4164
3296,17.2101
3297,48.6202
3298,51.1614
3299,23.2205
3300,23.1216
3301,26.7125
3302,50.0595
3303,23.9830
3304,23.5046
3305,26.1796
3306,25.3660
3307,27.1938
3308,49.7412
3309,60.8033
3310,50.7525
3311,25.9747
3312,23.6792
3313,123.8689
3314,27.1562
3315,26.6583
3316,45.6901
3317,23.8843
3318,46.5807
3319,51.6542
3320,25.2255
3321,24.7931
3322,24.6760
3323,23.4204
3324,25.0903
3325,22.9631
3326,56.8129
3327,48.2987
3328,55.7435
3329,23.9305
3330,65.0963
3331,31.6418
3332,28.4240
3333,25.5309
3334,29.3949
3335,25.3992
3336,15.8554
3337,23.0814
3338,124.9041
3339,26.8928
3340,21.3577
3341,23.7202
3342,53.1751
3343,53.3221
3344,24.1726
3345,23.3587
3346,21.0674
3347,56.0675
3348,22.6218
3349,46.6662
3350,24.9369
3351,30.2625
3352,55.5100
3353,50.1176
3354,22.4286
3355,19.0247
3356,24.6351
3357,26.2194
3358,24.1868
3359,24.5153
3360,54.7854
3361,25.1363
3362,130.2290
3363,23.7028
3364,29.8582
3365,52.6813
3366,51.0999
3367,23.4156
3368,21.3334
3369,25.3789
3370,24.5275
3371,22.1222
3372,47.7910
3373,51.0383
3374,47.1479
3375,22.4732
3376,51.9207
3377,47.8513
3378,24.3444
3379,45.7851
3380,26.5937
3381,28.2092
3382,22.0461
3383,19.9710
3384,26.7509
3385,22.3650
3386,22.6289
3387,122.7951
3388,22.9164
3389,54.4811
3390,51.3753
3391,25.2546
3392,58.4179
3393,22.7453
3394,23.9959
3395,26.3555
3396,23.1334
3397,21.8608
3398,48.5012
3399,23.1844
3400,25.2553
3401,27.0499
3402,25.3429
3403,23.6771
3404,24.5687
3405,30.7134
3406,24.8870
3407,49.6231
3408,24.2523
3409,24.4749
3410,26.6198
3411,50.0981
3412,27.7163
3413,128.3100
3414,55.4034
3415,25.8061
3416,53.7006
3417,54.1923
3418,25.7931
3419,25.3053
3420,53.4220
3421,24.2463
3422,25.1531
3423,16.9685
3424,51.7114
3425,47.7698
3426,52.7300
3427,24.9806
3428,53.7741
3429,23.3097
3430,28.0857
3431,51.9267
3432,23.7032
3433,24.2686
3434,25.7004
3435,23.3377
3436,124.0694
3437,28.5350
3438,24.2291
3439,25.3467
3440,43.6077
3441,52.1973
3442,25.4421
3443,24.6981
3444,45.9889
3445,23.5098
3446,22.7263
3447,23.8014
3448,51.4024
3449,46.8191
3450,23.7795
3451,24.8961
3452,22.8667
3453,51.4405
3454,23.1615
3455,24.5405
3456,24.6447
3457,24.3758
3458,24.2565
3459,24.5919
3460,23.7633
3461,51.9786
3462,153.9492
3463,26.1919
3464,25.1733
3465,22.4091
3466,25.2146
3467,51.6586
3468,26.4039
3469,23.0308
3470,24.0985
3471,23.3120
3472,23.9780
3473,23.2053
3474,23.8535
3475,47.4764
3476,23.4530
3477,48.6378
3478,30.0791
3479,25.1396
3480,48.6837
3481,51.3699
3482,24.7571
3483,25.9899
3484,24.8219
3485,46.3719
3486,23.3873
3487,49.8740
3488,29.3237
3489,126.9506
3490,26.3635
3491,51.8185
3492,25.9298
3493,27.9872
3494,53.8837
3495,45.0711
3496,25.4280
3497,25.8676
3498,26.5475
3499,22.1160
3500,50.9871
3501,24.6237
3502,33.2384
3503,26.8430
3504,27.1320
3505,26.2028
3506,24.3559
3507,23.9573
3508,22.4857
3509,26.1878
3510,25.1855
3511,27.6764
3512,24.2330
3513,26.2105
3514,24.8085
3515,24.1375
3516,152.6847
3517,26.5261
3518,27.8123
3519,21.9705
3520,23.0878
3521,51.8596
3522,24.6748
3523,23.2066
3524,24.8413
3525,46.2621
3526,50.3793
3527,23.1956
3528,24.0277
3529,23.2814
3530,25.8439
3531,23.5090
3532,23.4135
3533,55.1386
3534,25.4160
3535,23.2636
3536,23.7666
3537,23.8830
3538,49.5522
3539,25.6585
3540,21.3413
3541,24.0680
3542,25.3899
3543,23.2224
3544,22.9911
3545,146.7127
3546,51.7069
3547,22.4260
3548,55.7330
3549,59.0530
3550,24.5604
3551,23.7763
3552,21.1698
3553,25.0653
3554,43.9929
3555,19.4827
3556,24.3660
3557,26.0137
3558,25.5966
3559,26.4731
3560,27.5320
3561,25.4361
3562,24.2210
3563,26.6166
3564,24.0787
3565,22.8538
3566,49.6390
3567,24.3415
3568,50.1706
3569,24.5743
3570,25.2248
3571,151.6330
3572,24.7748
3573,54.2561
3574,25.6310
3575,50.6730
3576,48.7922
3577,29.2024
3578,24.2490
3579,22.2615
3580,24.5520
3581,49.0378
3582,23.8816
3583,45.4580
3584,23.9847
3585,50.0822
3586,23.4308
3587,24.8524
3588,21.7891
3589,19.1006
3590,26.6428
3591,54.2046
3592,64.6610
3593,52.8314
3594,153.2615
3595,27.2409
3596,28.7437
3597,22.9654
3598,53.6277
3599,54.2562
3600,24.9107
3601,22.4923
3602,48.2992
3603,24.7288
3604,48.8840
3605,26.2035
3606,49.1572
3607,23.8483
3608,26.1931
3609,27.3662
3610,49.8816
3611,27.3646
3612,48.5817
3613,25.2919
3614,26.0990
3615,25.0758
3616,25.1539
3617,51.7812
3618,46.9761
3619,124.4271
3620,27.7682
3621,29.2280
3622,24.2800
3623,24.5888
3624,23.9742
3625,23.2757
3626,20.1959
3627,24.4162
3628,24.3277
3629,21.7744
3630,24.7540
3631,24.4565
3632,26.9458
3633,24.6737
3634,23.4613
3635,47.8442
3636,46.3860
3637,46.7988
3638,23.8728
3639,46.3823
3640,25.4870
3641,24.1114
3642,22.4962
3643,26.4045
3644,27.5573
3645,23.0237
3646,25.4699
3647,26.3214
3648,21.8345
3649,121.1902
3650,26.3836
3651,25.2402
3652,21.9003
3653,23.0115
3654,23.7482
3655,24.2668
3656,25.6075
3657,22.9899
3658,41.8286
3659,23.6704
3660,23.4828
3661,23.5106
3662,22.7660
3663,23.6035
3664,27.2345
3665,24.4416
3666,44.5396
3667,23.2506
3668,47.8658
3669,23.4888
3670,19.2518
3671,22.4325
3672,44.4830
3673,22.3063
3674,43.2280
3675,20.5300
3676,21.7741
3677,22.4244
3678,42.4459
3679,9194.7956
3680,125.6401
3681,23.2392
3682,22.6261
3683,22.0847
3684,21.3262
3685,22.0095
3686,21.8924
3687,24.4453
3688,28.3280
3689,23.0095
3690,23.0491
3691,19.2520
3692,22.1912
3693,21.8223
3694,18.6261
3695,41.0264
3696,26.0194
3697,35.7889
3698,43.6603
3699,22.7392
3700,21.2147
3701,21.2448
3702,21.7222
3703,20.7388
3704,21.4853
3705,21.2429
3706,21.0910
3707,21.4271
3708,21.5773
3709,20.5629
3710,20.6085
3711,21.0418
3712,20.7282
3713,20.7966
3714,21.3841
3715,121.6495
3716,23.2068
3717,22.8463
3718,21.2547
3719,20.6289
3720,20.7397
3721,21.6264
3722,20.9573
3723,21.4568
3724,22.0248
3725,24.7969
3726,25.5241
3727,22.7732
3728,18.1088
3729,40.0487
3730,21.1790
3731,21.8270
3732,21.1940
3733,21.1843
3734,22.4157
3735,21.9814
3736,23.4503
3737,27.2123
3738,28.1754
3739,23.1582
3740,22.3469
3741,20.1973
3742,20.4383
3743,25.2028
3744,19.8913
3745,20.3779
3746,22.3654
3747,20.6002
3748,21.2631
3749,19.8234
3750,20.2138
3751,124.7509
3752,23.1669
3753,23.1289
3754,20.4013
3755,21.0390
3756,21.4938
3757,19.1117
3758,19.2984
3759,19.6874
3760,21.0791
3761,22.5073
3762,22.9857
3763,21.5340
3764,21.2667
3765,21.6246
3766,21.6108
3767,21.4378
3768,21.3811
3769,21.7732
3770,21.1658
3771,20.5624
3772,22.5262
3773,27.6479
3774,22.2351
3775,21.3075
3776,22.5530
3777,22.3408
3778,21.7714
3779,23.6270
3780,23.0774
3781,25.3936
3782,19.2065
3783,25.9482
3784,24.6015
3785,28.3657
3786,21.9233
3787,125.1938
3788,23.4842
3789,22.2313
3790,19.6104
3791,19.1341
3792,20.4236
3793,18.9720
3794,19.0116
3795,19.2246
3796,15.7010
3797,20.4331
3798,20.5195
3799,19.9512
3800,24.1398
3801,20.7371
3802,20.2008
3803,19.8132
3804,20.8502
3805,20.7965
3806,21.3008
3807,22.4671
3808,22.7940
3809,24.1962
3810,21.8580
3811,22.5425
3812,22.0609
3813,21.1563
3814,20.3485
3815,20.3386
3816,20.9541
3817,21.4400
3818,22.6228
3819,22.1566
3820,19.9835
3821,22.0939
3822,20.3395
3823,21.2626
3824,21.9910
3825,121.7959
3826,24.2285
3827,22.6157
3828,22.0563
3829,24.7350
3830,24.1901
3831,21.6642
3832,21.5876
3833,21.8615
3834,21.2548
3835,21.6475
3836,25.8847
3837,23.8864
3838,23.5423
3839,25.9875
3840,21.8263
3841,22.9896
3842,24.7352
3843,23.3947
3844,21.5095
3845,22.3669
3846,21.5594
3847,20.3651
3848,21.1494
3849,19.9618
3850,24.1928
3851,19.4036
3852,22.6728
3853,23.0692
3854,22.9823
3855,20.5470
3856,24.6176
3857,24.2759
3858,22.3332
3859,19.9157
3860,20.7184
3861,121.2498
3862,24.7126
3863,23.3397
3864,20.7373
3865,23.2325
3866,21.4936
3867,22.2751
3868,20.9283
3869,22.0413
3870,21.0881
3871,21.8660
3872,20.9748
3873,18.0374
3874,20.1515
3875,20.3472
3876,19.4049
3877,19.3115
3878,19.9616
3879,21.4231
3880,20.6308
3881,20.6297
3882,22.7259
3883,21.8540
3884,22.0199
3885,21.6251
3886,20.6516
3887,23.2593
3888,23.6262
3889,23.8340
3890,23.8031
3891,20.9269
3892,20.8686
3893,18.5786
3894,19.6707
3895,21.0517
3896,18.8058
3897,20.5654
3898,123.4101
3899,22.4999
3900,25.1512
3901,27.1164
3902,21.9450
3903,22.0434
3904,25.4261
3905,22.0560
3906,22.0839
3907,22.6643
3908,21.6007
3909,21.6290
3910,23.5393
3911,18.2938
3912,20.4246
3913,20.7820
3914,21.2913
3915,21.7097
3916,22.5961
3917,20.8350
3918,22.2813
3919,22.5936
3920,21.8173
3921,23.1875
3922,22.5356
3923,22.9954
3924,21.7270
3925,21.8566
3926,22.0609
3927,21.9021
3928,21.2347
3929,23.4013
3930,20.9143
3931,22.2176
3932,20.8606
3933,21.8301
3934,19.4656
3935,121.0207
3936,22.8593
3937,28.4805
3938,21.5140
3939,23.7461
3940,21.2164
3941,21.5507
3942,20.5584
3943,21.2490
3944,23.1344
3945,20.9202
3946,20.5014
3947,19.2614
3948,20.1491
3949,20.0792
3950,19.9612
3951,19.7932
3952,20.2948
3953,21.5585
3954,21.5904
3955,20.5928
3956,20.9653
3957,20.8206
3958,21.3308
3959,20.8743
3960,19.7360
3961,20.1683
3962,21.6561
3963,20.8507
3964,21.6895
3965,21.0990
3966,21.2011
3967,21.2322
3968,20.8287
3969,20.6763
3970,21.6345
3971,20.5364
3972,21.1186
3973,121.2053
3974,22.3888
3975,25.6620
3976,21.1326
3977,20.1062
3978,20.0895
3979,21.1734
3980,21.2098
3981,20.6412
3982,20.9300
3983,20.8552
3984,22.1204
3985,23.2617
3986,22.3661
3987,21.7932
3988,22.4955
3989,18.3024
3990,22.3927
3991,22.5881
3992,22.2878
3993,20.8339
3994,21.6304
3995,22.6156
3996,19.8071
3997,19.8394
3998,20.2584
3999,19.0825
