Step,Seconds,UAV_ID,UAV_X,UAV_Y,UAV_Z,Yaw,VehicleID,X,Y,Speed
1,1.0,0,1400.0,1000.0,0.0,0,,,,
1,1.0,1,1000.0,900.0,0.0,0,,,,
1,1.0,2,160.0,900.0,0.0,0,,,,
2,2.0,0,1400.0,1000.0,0.0,0,,,,
2,2.0,1,1000.0,900.0,0.0,0,,,,
2,2.0,2,160.0,900.0,0.0,0,,,,
3,3.0,0,1400.0,1000.0,0.0,0,,,,
3,3.0,1,1000.0,900.0,0.0,0,,,,
3,3.0,2,160.0,900.0,0.0,0,,,,
4,4.0,0,1400.0,1000.0,0.0,0,,,,
4,4.0,1,1000.0,900.0,0.0,0,,,,
4,4.0,2,160.0,900.0,0.0,0,,,,
5,5.0,0,1400.0,1000.0,0.0,0,,,,
5,5.0,1,1000.0,900.0,0.0,0,,,,
5,5.0,2,160.0,900.0,0.0,0,,,,
6,6.0,0,1400.0,1000.0,0.0,0,,,,
6,6.0,1,1000.0,900.0,0.0,0,,,,
6,6.0,2,160.0,900.0,0.0,0,,,,
7,7.0,0,1400.0,1000.0,0.0,0,,,,
7,7.0,1,1000.0,900.0,0.0,0,,,,
7,7.0,2,160.0,900.0,0.0,0,,,,
8,8.0,0,1400.0,1000.0,0.0,0,,,,
8,8.0,1,1000.0,900.0,0.0,0,,,,
8,8.0,2,160.0,900.0,0.0,0,,,,
9,9.0,0,1400.0,1000.0,0.0,0,,,,
9,9.0,1,1000.0,900.0,0.0,0,,,,
9,9.0,2,160.0,900.0,0.0,0,,,,
10,10.0,0,1400.0,1000.0,0.0,0,,,,
10,10.0,1,1000.0,900.0,0.0,0,,,,
10,10.0,2,160.0,900.0,0.0,0,,,,
11,11.0,0,1400.0,1000.0,0.0,0,,,,
11,11.0,1,1000.0,900.0,0.0,0,,,,
11,11.0,2,160.0,900.0,0.0,0,,,,
12,12.0,0,1400.0,1000.0,0.0,0,,,,
12,12.0,1,1000.0,900.0,0.0,0,,,,
12,12.0,2,160.0,900.0,0.0,0,,,,
13,13.0,0,1400.0,1000.0,0.0,0,,,,
13,13.0,1,1000.0,900.0,0.0,0,,,,
13,13.0,2,160.0,900.0,0.0,0,,,,
14,14.0,0,1400.0,1000.0,0.0,0,,,,
14,14.0,1,1000.0,900.0,0.0,0,,,,
14,14.0,2,160.0,900.0,0.0,0,,,,
15,15.0,0,1400.0,1000.0,0.0,0,,,,
15,15.0,1,1000.0,900.0,0.0,0,,,,
15,15.0,2,160.0,900.0,0.0,0,,,,
16,16.0,0,1400.0,1000.0,0.0,0,,,,
16,16.0,1,1000.0,900.0,0.0,0,,,,
16,16.0,2,160.0,900.0,0.0,0,,,,
17,17.0,0,1400.0,1000.0,0.0,0,,,,
17,17.0,1,1000.0,900.0,0.0,0,,,,
17,17.0,2,160.0,900.0,0.0,0,,,,
18,18.0,0,1400.0,1000.0,0.0,0,,,,
18,18.0,1,1000.0,900.0,0.0,0,,,,
18,18.0,2,160.0,900.0,0.0,0,,,,
19,19.0,0,1400.0,1000.0,0.0,0,,,,
19,19.0,1,1000.0,900.0,0.0,0,,,,
19,19.0,2,160.0,900.0,0.0,0,,,,
20,20.0,0,1400.0,1000.0,0.0,0,,,,
20,20.0,1,1000.0,900.0,0.0,0,,,,
20,20.0,2,160.0,900.0,0.0,0,,,,
21,21.0,0,1400.0,1000.0,0.0,0,,,,
21,21.0,1,1000.0,900.0,0.0,0,,,,
21,21.0,2,160.0,900.0,0.0,0,,,,
22,22.0,0,1400.0,1000.0,0.0,0,,,,
22,22.0,1,1000.0,900.0,0.0,0,,,,
22,22.0,2,160.0,900.0,0.0,0,,,,
23,23.0,0,1400.0,1000.0,0.0,0,,,,
23,23.0,1,1000.0,900.0,0.0,0,,,,
23,23.0,2,160.0,900.0,0.0,0,,,,
24,24.0,0,1400.0,1000.0,0.0,0,,,,
24,24.0,1,1000.0,900.0,0.0,0,,,,
24,24.0,2,160.0,900.0,0.0,0,,,,
25,25.0,0,1400.0,1000.0,0.0,0,,,,
25,25.0,1,1000.0,900.0,0.0,0,,,,
25,25.0,2,160.0,900.0,0.0,0,,,,
26,26.0,0,1400.0,1000.0,0.0,0,,,,
26,26.0,1,1000.0,900.0,0.0,0,,,,
26,26.0,2,160.0,900.0,0.0,0,,,,
27,27.0,0,1400.0,1000.0,0.0,0,,,,
27,27.0,1,1000.0,900.0,0.0,0,,,,
27,27.0,2,160.0,900.0,0.0,0,,,,
28,28.0,0,1400.0,1000.0,0.0,0,,,,
28,28.0,1,1000.0,900.0,0.0,0,,,,
28,28.0,2,160.0,900.0,0.0,0,,,,
29,29.0,0,1400.0,1000.0,0.0,0,,,,
29,29.0,1,1000.0,900.0,0.0,0,,,,
29,29.0,2,160.0,900.0,0.0,0,,,,
30,30.0,0,1400.0,1000.0,0.0,0,,,,
30,30.0,1,1000.0,900.0,0.0,0,,,,
30,30.0,2,160.0,900.0,0.0,0,,,,
31,31.0,0,1400.0,1000.0,0.0,0,,,,
31,31.0,1,1000.0,900.0,0.0,0,,,,
31,31.0,2,160.0,900.0,0.0,0,,,,
32,32.0,0,1400.0,1000.0,0.0,0,,,,
32,32.0,1,1000.0,900.0,0.0,0,,,,
32,32.0,2,160.0,900.0,0.0,0,,,,
33,33.0,0,1400.0,1000.0,0.0,0,,,,
33,33.0,1,1000.0,900.0,0.0,0,,,,
33,33.0,2,160.0,900.0,0.0,0,,,,
34,34.0,0,1400.0,1000.0,0.0,0,,,,
34,34.0,1,1000.0,900.0,0.0,0,,,,
34,34.0,2,160.0,900.0,0.0,0,,,,
35,35.0,0,1400.0,1000.0,0.0,0,,,,
35,35.0,1,1000.0,900.0,0.0,0,,,,
35,35.0,2,160.0,900.0,0.0,0,,,,
36,36.0,0,1400.0,1000.0,0.0,0,,,,
36,36.0,1,1000.0,900.0,0.0,0,,,,
36,36.0,2,160.0,900.0,0.0,0,,,,
37,37.0,0,1400.0,1000.0,0.0,0,,,,
37,37.0,1,1000.0,900.0,0.0,0,,,,
37,37.0,2,160.0,900.0,0.0,0,,,,
38,38.0,0,1400.0,1000.0,0.0,0,,,,
38,38.0,1,1000.0,900.0,0.0,0,,,,
38,38.0,2,160.0,900.0,0.0,0,,,,
39,39.0,0,1400.0,1000.0,0.0,0,,,,
39,39.0,1,1000.0,900.0,0.0,0,,,,
39,39.0,2,160.0,900.0,0.0,0,,,,
40,40.0,0,1400.0,1000.0,0.0,0,,,,
40,40.0,1,1000.0,900.0,0.0,0,,,,
40,40.0,2,160.0,900.0,0.0,0,,,,
41,41.0,0,1400.0,1000.0,0.0,0,,,,
41,41.0,1,1000.0,900.0,0.0,0,,,,
41,41.0,2,160.0,900.0,0.0,0,,,,
42,42.0,0,1400.0,1000.0,0.0,0,,,,
42,42.0,1,1000.0,900.0,0.0,0,,,,
42,42.0,2,160.0,900.0,0.0,0,,,,
43,43.0,0,1400.0,1000.0,0.0,0,,,,
43,43.0,1,1000.0,900.0,0.0,0,,,,
43,43.0,2,160.0,900.0,0.0,0,,,,
44,44.0,0,1400.0,1000.0,0.0,0,,,,
44,44.0,1,1000.0,900.0,0.0,0,,,,
44,44.0,2,160.0,900.0,0.0,0,,,,
45,45.0,0,1400.0,1000.0,0.0,0,,,,
45,45.0,1,1000.0,900.0,0.0,0,,,,
45,45.0,2,160.0,900.0,0.0,0,,,,
46,46.0,0,1400.0,1000.0,0.0,0,,,,
46,46.0,1,1000.0,900.0,0.0,0,,,,
46,46.0,2,160.0,900.0,0.0,0,,,,
47,47.0,0,1400.0,1000.0,0.0,0,,,,
47,47.0,1,1000.0,900.0,0.0,0,,,,
47,47.0,2,160.0,900.0,0.0,0,,,,
48,48.0,0,1400.0,1000.0,0.0,0,,,,
48,48.0,1,1000.0,900.0,0.0,0,,,,
48,48.0,2,160.0,900.0,0.0,0,,,,
49,49.0,0,1400.0,1000.0,0.0,0,,,,
49,49.0,1,1000.0,900.0,0.0,0,,,,
49,49.0,2,160.0,900.0,0.0,0,,,,
50,50.0,0,1400.0,1000.0,0.0,-9.013260094386643,,,,
50,50.0,1,1000.0,900.0,0.0,9.636612452979604,,,,
50,50.0,2,160.0,900.0,0.0,9.470706478808204,,,,
51,51.0,0,1400.0,1000.0,0.0,-18.026520188773286,,,,
51,51.0,1,1000.0,900.0,0.0,19.273224905959207,,,,
51,51.0,2,160.0,900.0,0.0,18.941412957616407,,,,
52,52.0,0,1400.0,1000.0,0.0,-27.039780283159928,,,,
52,52.0,1,1000.0,900.0,0.0,28.909837358938812,,,,
52,52.0,2,160.0,900.0,0.0,28.412119436424607,,,,
53,53.0,0,1400.0,1000.0,0.0,-36.05304037754657,,,,
53,53.0,1,1000.0,900.0,0.0,38.546449811918414,,,,
53,53.0,2,160.0,900.0,0.0,37.882825915232814,,,,
54,54.0,0,1400.0,1000.0,0.0,-45.06630047193321,,,,
54,54.0,1,1000.0,900.0,0.0,48.18306226489802,,,,
54,54.0,2,160.0,900.0,0.0,47.35353239404102,,,,
55,55.0,0,1400.0,1000.0,0.0,-54.079560566319856,,,,
55,55.0,1,1000.0,900.0,0.0,57.819674717877625,,,,
55,55.0,2,160.0,900.0,0.0,56.824238872849214,,,,
56,56.0,0,1400.0,1000.0,0.0,-63.092820660706494,,,,
56,56.0,1,1000.0,900.0,0.0,67.45628717085722,,,,
56,56.0,2,160.0,900.0,0.0,66.29494535165742,,,,
57,57.0,0,1400.0,1000.0,0.0,-72.10608075509315,,,,
57,57.0,1,1000.0,900.0,0.0,77.09289962383683,,,,
57,57.0,2,160.0,900.0,0.0,75.76565183046563,,,,
58,58.0,0,1400.0,1000.0,0.0,-81.11934084947978,,,,
58,58.0,1,1000.0,900.0,0.0,86.72951207681643,,,,
58,58.0,2,160.0,900.0,0.0,85.23635830927383,,,,
59,59.0,0,1386.6666666666667,1002.0833333333334,4.166666666666667,-81.11934084947978,,,,
59,59.0,1,1013.4615384615385,900.7692307692307,3.8461538461538463,86.72951207681643,,,,
59,59.0,2,173.33333333333334,901.1111111111111,5.555555555555555,85.23635830927383,,,,
60,60.0,0,1373.3333333333333,1004.1666666666666,8.333333333333334,-81.11934084947978,,,,
60,60.0,1,1026.923076923077,901.5384615384615,7.6923076923076925,86.72951207681643,,,,
60,60.0,2,186.66666666666666,902.2222222222222,11.11111111111111,85.23635830927383,,,,
61,61.0,0,1360.0,1006.25,12.5,-81.11934084947978,,,,
61,61.0,1,1040.3846153846155,902.3076923076923,11.538461538461538,86.72951207681643,,,,
61,61.0,2,200.0,903.3333333333334,16.666666666666668,85.23635830927383,,,,
62,62.0,0,1346.6666666666667,1008.3333333333334,16.666666666666668,-81.11934084947978,,,,
62,62.0,1,1053.8461538461538,903.0769230769231,15.384615384615385,86.72951207681643,,,,
62,62.0,2,213.33333333333334,904.4444444444445,22.22222222222222,85.23635830927383,,,,
63,63.0,0,1333.3333333333333,1010.4166666666666,20.833333333333332,-81.11934084947978,,,,
63,63.0,1,1067.3076923076924,903.8461538461538,19.23076923076923,86.72951207681643,,,,
63,63.0,2,226.66666666666669,905.5555555555555,27.77777777777778,85.23635830927383,,,,
64,64.0,0,1320.0,1012.5,25.0,-81.11934084947978,,,,
64,64.0,1,1080.7692307692307,904.6153846153846,23.076923076923077,86.72951207681643,,,,
64,64.0,2,240.0,906.6666666666666,33.333333333333336,85.23635830927383,,,,
65,65.0,0,1306.6666666666667,1014.5833333333334,29.166666666666668,-81.11934084947978,,,,
65,65.0,1,1094.2307692307693,905.3846153846154,26.923076923076923,86.72951207681643,,,,
65,65.0,2,253.33333333333331,907.7777777777778,38.888888888888886,85.23635830927383,,,,
66,66.0,0,1293.3333333333333,1016.6666666666666,33.333333333333336,-81.11934084947978,,,,
66,66.0,1,1107.6923076923076,906.1538461538462,30.76923076923077,86.72951207681643,,,,
66,66.0,2,266.6666666666667,908.8888888888889,44.44444444444444,85.23635830927383,,,,
67,67.0,0,1280.0,1018.75,37.5,-81.11934084947978,,,,
67,67.0,1,1121.1538461538462,906.9230769230769,34.61538461538461,86.72951207681643,,,,
67,67.0,2,280.0,910.0,50.0,85.23635830927383,,,,
68,68.0,0,1266.6666666666667,1020.8333333333334,41.666666666666664,-81.11934084947978,,,,
68,68.0,1,1134.6153846153845,907.6923076923077,38.46153846153846,86.72951207681643,,,,
68,68.0,2,293.33333333333337,911.1111111111111,55.55555555555556,85.23635830927383,,,,
69,69.0,0,1253.3333333333333,1022.9166666666666,45.833333333333336,-81.11934084947978,,,,
69,69.0,1,1148.076923076923,908.4615384615385,42.30769230769231,86.72951207681643,,,,
69,69.0,2,306.66666666666663,912.2222222222222,61.111111111111114,85.23635830927383,,,,
70,70.0,0,1240.0,1025.0,50.0,-81.11934084947978,,,,
70,70.0,1,1161.5384615384614,909.2307692307693,46.15384615384615,86.72951207681643,,,,
70,70.0,2,320.0,913.3333333333334,66.66666666666667,85.23635830927383,,,,
71,71.0,0,1226.6666666666667,1027.0833333333333,54.166666666666664,-81.11934084947978,,,,
71,71.0,1,1175.0,910.0,50.0,86.72951207681643,,,,
71,71.0,2,333.33333333333337,914.4444444444445,72.22222222222223,85.23635830927383,,,,
72,72.0,0,1213.3333333333333,1029.1666666666667,58.333333333333336,-81.11934084947978,,,,
72,72.0,1,1188.4615384615386,910.7692307692307,53.84615384615385,86.72951207681643,,,,
72,72.0,2,346.66666666666663,915.5555555555555,77.77777777777777,85.23635830927383,,,,
73,73.0,0,1200.0,1031.25,62.5,-81.11934084947978,,,,
73,73.0,1,1201.923076923077,911.5384615384615,57.69230769230769,86.72951207681643,,,,
73,73.0,2,360.0,916.6666666666666,83.33333333333333,85.23635830927383,,,,
74,74.0,0,1186.6666666666667,1033.3333333333333,66.66666666666667,-81.11934084947978,,,,
74,74.0,1,1215.3846153846155,912.3076923076923,61.53846153846154,86.72951207681643,,,,
74,74.0,2,373.33333333333337,917.7777777777778,88.88888888888889,85.23635830927383,,,,
75,75.0,0,1173.3333333333333,1035.4166666666667,70.83333333333333,-81.11934084947978,,,,
75,75.0,1,1228.8461538461538,913.0769230769231,65.38461538461539,86.72951207681643,,,,
75,75.0,2,386.66666666666663,918.8888888888889,94.44444444444444,85.23635830927383,,,,
76,76.0,0,1160.0,1037.5,75.0,-81.11934084947978,,,,
76,76.0,1,1242.3076923076924,913.8461538461538,69.23076923076923,86.72951207681643,,,,
76,76.0,2,400.0,920.0,100.0,85.23635830927383,,,,
77,77.0,0,1146.6666666666667,1039.5833333333333,79.16666666666667,-81.11934084947978,,,,
77,77.0,1,1255.7692307692307,914.6153846153846,73.07692307692308,86.72951207681643,,,,
77,77.0,2,400.0,920.0,100.0,75.8318135206146,,,,
78,78.0,0,1133.3333333333333,1041.6666666666667,83.33333333333333,-81.11934084947978,,,,
78,78.0,1,1269.2307692307693,915.3846153846154,76.92307692307692,86.72951207681643,,,,
78,78.0,2,400.0,920.0,100.0,66.42726873195537,,,,
79,79.0,0,1120.0,1043.75,87.5,-81.11934084947978,,,,
79,79.0,0,1120.0,1043.75,87.5,-81.11934084947978,57,1081.1398595964465,1075.5646874571055,2.342698219828098
79,79.0,1,1282.6923076923076,916.1538461538462,80.76923076923077,86.72951207681643,,,,
79,79.0,2,400.0,920.0,100.0,57.02272394329614,,,,
80,80.0,0,1106.6666666666667,1045.8333333333333,91.66666666666667,-81.11934084947978,,,,
80,80.0,0,1106.6666666666667,1045.8333333333333,91.66666666666667,-81.11934084947978,57,1081.2824077715065,1077.0724813176396,1.5146269220229795
80,80.0,1,1296.1538461538462,916.9230769230769,84.61538461538461,86.72951207681643,,,,
80,80.0,2,400.0,920.0,100.0,47.61817915463691,,,,
81,81.0,0,1093.3333333333333,1047.9166666666667,95.83333333333333,-81.11934084947978,,,,
81,81.0,0,1093.3333333333333,1047.9166666666667,95.83333333333333,-81.11934084947978,57,1081.511400265609,1079.494634225392,2.4331296865995133
81,81.0,1,1309.6153846153848,917.6923076923077,88.46153846153847,86.72951207681643,,,,
81,81.0,2,400.0,920.0,100.0,38.21363436597768,,,,
82,82.0,0,1080.0,1050.0,100.0,-81.11934084947978,,,,
82,82.0,0,1080.0,1050.0,100.0,-81.11934084947978,57,1081.632097661758,1080.77130292227,1.2824543390238143
82,82.0,1,1323.076923076923,918.4615384615385,92.3076923076923,86.72951207681643,,,,
82,82.0,2,400.0,920.0,100.0,28.80908957731846,,,,
83,83.0,0,1080.0,1050.0,100.0,-71.4178530918275,,,,
83,83.0,0,1080.0,1050.0,100.0,-71.4178530918275,57,1081.7532273719078,1082.0525443917963,1.2870478346883272
83,83.0,1,1336.5384615384614,919.2307692307693,96.15384615384616,86.72951207681643,,,,
83,83.0,2,400.0,920.0,100.0,19.404544788659223,,,,
84,84.0,0,1080.0,1050.0,100.0,-61.7163653341752,,,,
84,84.0,0,1080.0,1050.0,100.0,-61.7163653341752,57,1081.8957265618283,1083.5598201152695,1.514106436854377
84,84.0,1,1350.0,920.0,100.0,86.72951207681643,,,,
84,84.0,2,400.0,920.0,100.0,10.0,,,,
85,85.0,0,1080.0,1050.0,100.0,-52.014877576522906,,,,
85,85.0,0,1080.0,1050.0,100.0,-52.014877576522906,57,1082.0761473350078,1085.4682088687455,1.9170372418656618
85,85.0,1,1350.0,920.0,100.0,77.13832306721437,,,,
85,85.0,2,400.0,920.0,100.0,10,,,,
86,86.0,0,1080.0,1050.0,100.0,-42.31338981887062,,,,
86,86.0,0,1080.0,1050.0,100.0,-42.31338981887062,57,1082.248419954106,1087.290411063233,1.8304601002704164
86,86.0,1,1350.0,920.0,100.0,67.54713405761233,,,,
86,86.0,2,400.0,920.0,100.0,10,,,,
87,87.0,0,1080.0,1050.0,100.0,-32.61190206121832,,,,
87,87.0,0,1080.0,1050.0,100.0,-32.61190206121832,57,1082.397576241177,1088.8681017899723,1.5848405487596473
87,87.0,1,1350.0,920.0,100.0,57.95594504801027,,,,
87,87.0,2,400.0,920.0,100.0,10,,,,
88,88.0,0,1080.0,1050.0,100.0,-22.910414303566036,,,,
88,88.0,0,1080.0,1050.0,100.0,-22.910414303566036,57,1082.6010833441394,1091.0206846644496,2.1623380084688075
88,88.0,1,1350.0,920.0,100.0,48.36475603840822,,,,
88,88.0,2,400.0,920.0,100.0,10,,,,
89,89.0,0,1080.0,1050.0,100.0,-13.208926545913755,,,,
89,89.0,0,1080.0,1050.0,100.0,-13.208926545913755,57,1082.7660619887324,1092.765735327722,1.7529589316343002
89,89.0,1,1350.0,920.0,100.0,38.77356702880616,,,,
89,89.0,2,400.0,920.0,100.0,10,,,,
90,90.0,0,1080.0,1050.0,100.0,-3.507438788261453,,,,
90,90.0,1,1350.0,920.0,100.0,29.18237801920411,,,,
90,90.0,2,400.0,920.0,100.0,10,,,,
91,91.0,0,1080.0,1050.0,100.0,6.194048969390835,,,,
91,91.0,1,1350.0,920.0,100.0,19.59118900960206,,,,
91,91.0,2,400.0,920.0,100.0,10,,,,
92,92.0,0,1080.0,1050.0,100.0,15.895536727043137,,,,
92,92.0,0,1080.0,1050.0,100.0,15.895536727043137,57,1083.2593225953376,1097.9831666555515,1.3311861276744306
92,92.0,0,1080.0,1050.0,100.0,15.895536727043137,90,1015.3513200606685,1003.4298362202577,4.292688230751082
92,92.0,1,1350.0,920.0,100.0,10.0,,,,
92,92.0,2,400.0,920.0,100.0,10,,,,
93,93.0,0,1080.0,1050.0,100.0,25.59702448469541,,,,
93,93.0,0,1080.0,1050.0,100.0,25.59702448469541,57,1083.4470832563018,1099.9691925849104,1.995026256027622
93,93.0,0,1080.0,1050.0,100.0,25.59702448469541,90,1008.988550545082,1002.1057045220626,6.498500555264763
93,93.0,1,1350.0,920.0,100.0,10,,,,
93,93.0,2,400.0,920.0,100.0,10,,,,
94,94.0,0,1080.0,1050.0,100.0,35.29851224234771,,,,
94,94.0,0,1080.0,1050.0,100.0,35.29851224234771,57,1083.6010600856437,1101.5978722775717,1.6360605878732164
94,94.0,1,1350.0,920.0,100.0,10,,,,
94,94.0,2,400.0,920.0,100.0,10,,,,
95,95.0,0,1080.0,1050.0,100.0,45.0,,,,
95,95.0,0,1080.0,1050.0,100.0,45.0,57,1083.8321346410967,1104.04204805107,2.455252356171165
95,95.0,1,1350.0,920.0,100.0,10,,,,
95,95.0,2,400.0,920.0,100.0,10,,,,
96,96.0,0,1080.0,1050.0,100.0,45,,,,
96,96.0,0,1080.0,1050.0,100.0,45,57,1083.9790835690762,1105.5963905835256,1.5613865444898742
96,96.0,1,1350.0,920.0,100.0,10,,,,
96,96.0,2,400.0,920.0,100.0,10,,,,
97,97.0,0,1080.0,1050.0,100.0,45,,,,
97,97.0,0,1080.0,1050.0,100.0,45,57,1084.1243054487281,1107.1324653769225,1.5430360191915276
97,97.0,1,1350.0,920.0,100.0,10,,,,
97,97.0,2,400.0,920.0,100.0,10,,,,
98,98.0,0,1080.0,1050.0,100.0,45,,,,
98,98.0,0,1080.0,1050.0,100.0,45,57,1084.317573371032,1109.1767439975758,2.0535429384629427
98,98.0,1,1350.0,920.0,100.0,10,,,,
98,98.0,2,400.0,920.0,100.0,10,,,,
99,99.0,0,1080.0,1050.0,100.0,45,,,,
99,99.0,0,1080.0,1050.0,100.0,45,57,1084.5203153909274,1111.3212342566908,2.154208718770626
99,99.0,1,1350.0,920.0,100.0,10,,,,
99,99.0,2,400.0,920.0,100.0,10,,,,
100,100.0,0,1080.0,1050.0,100.0,45,,,,
100,100.0,0,1080.0,1050.0,100.0,45,57,1084.741713146119,1113.6630543176882,2.3524327852507074
100,100.0,1,1350.0,920.0,100.0,10,,,,
100,100.0,2,400.0,920.0,100.0,10,,,,
101,101.0,0,1080.0,1050.0,100.0,45,,,,
101,101.0,0,1080.0,1050.0,100.0,45,57,1084.9399079578423,1115.7594467841675,2.105892955241734
101,101.0,1,1350.0,920.0,100.0,10,,,,
101,101.0,2,400.0,920.0,100.0,10,,,,
102,102.0,0,1080.0,1050.0,100.0,45,,,,
102,102.0,0,1080.0,1050.0,100.0,45,57,1085.1387426460785,1117.8626075019952,2.112691879137102
102,102.0,1,1350.0,920.0,100.0,10,,,,
102,102.0,2,400.0,920.0,100.0,10,,,,
103,103.0,0,1080.0,1050.0,100.0,45,,,,
103,103.0,0,1080.0,1050.0,100.0,45,57,1085.3239144812314,1119.8212502981587,1.9675190271994702
103,103.0,1,1350.0,920.0,100.0,10,,,,
103,103.0,2,400.0,920.0,100.0,10,,,,
104,104.0,0,1080.0,1050.0,100.0,45,,,,
104,104.0,0,1080.0,1050.0,100.0,45,57,1085.4852373823953,1121.5276325779462,1.7141153097106283
104,104.0,1,1350.0,920.0,100.0,10,,,,
104,104.0,2,400.0,920.0,100.0,10,,,,
105,105.0,0,1080.0,1050.0,100.0,45,,,,
105,105.0,0,1080.0,1050.0,100.0,45,57,1085.6522691198618,1123.2943996948227,1.7747738004571199
105,105.0,1,1350.0,920.0,100.0,10,,,,
105,105.0,2,400.0,920.0,100.0,10,,,,
106,106.0,0,1080.0,1050.0,100.0,45,,,,
106,106.0,1,1350.0,920.0,100.0,10,,,,
106,106.0,2,400.0,920.0,100.0,10,,,,
107,107.0,0,1080.0,1050.0,100.0,45,,,,
107,107.0,1,1350.0,920.0,100.0,10,,,,
107,107.0,2,400.0,920.0,100.0,10,,,,
108,108.0,0,1080.0,1050.0,100.0,45,,,,
108,108.0,1,1350.0,920.0,100.0,10,,,,
108,108.0,2,400.0,920.0,100.0,10,,,,
109,109.0,0,1080.0,1050.0,100.0,45,,,,
109,109.0,1,1350.0,920.0,100.0,10,,,,
109,109.0,2,400.0,920.0,100.0,10,,,,
110,110.0,0,1080.0,1050.0,100.0,45,,,,
110,110.0,1,1350.0,920.0,100.0,10,,,,
110,110.0,2,400.0,920.0,100.0,10,,,,
111,111.0,0,1080.0,1050.0,100.0,45,,,,
111,111.0,1,1350.0,920.0,100.0,10,,,,
111,111.0,2,400.0,920.0,100.0,10,,,,
112,112.0,0,1080.0,1050.0,100.0,45,,,,
112,112.0,1,1350.0,920.0,100.0,10,,,,
112,112.0,2,400.0,920.0,100.0,10,,,,
113,113.0,0,1080.0,1050.0,100.0,45,,,,
113,113.0,1,1350.0,920.0,100.0,10,,,,
113,113.0,2,400.0,920.0,100.0,10,,,,
114,114.0,0,1080.0,1050.0,100.0,45,,,,
114,114.0,1,1350.0,920.0,100.0,10,,,,
114,114.0,2,400.0,920.0,100.0,10,,,,
115,115.0,0,1080.0,1050.0,100.0,45,,,,
115,115.0,0,1080.0,1050.0,100.0,45,115,1105.7900715990454,1031.1710739856803,0.0
115,115.0,1,1350.0,920.0,100.0,10,,,,
115,115.0,2,400.0,920.0,100.0,10,,,,
116,116.0,0,1080.0,1050.0,100.0,45,,,,
116,116.0,0,1080.0,1050.0,100.0,45,115,1103.7664843755397,1030.2832272890075,2.2099471241934228
116,116.0,1,1350.0,920.0,100.0,10,,,,
116,116.0,2,400.0,920.0,100.0,10,,,,
117,117.0,0,1080.0,1050.0,100.0,45,,,,
117,117.0,0,1080.0,1050.0,100.0,45,115,1102.1652708997394,1029.5806966154373,1.7486753597576465
117,117.0,1,1350.0,920.0,100.0,10,,,,
117,117.0,2,400.0,920.0,100.0,10,,,,
118,118.0,0,1080.0,1050.0,100.0,45,,,,
118,118.0,0,1080.0,1050.0,100.0,45,115,1100.5690370301,1028.8803507386624,1.743237162586331
118,118.0,1,1350.0,920.0,100.0,10,,,,
118,118.0,2,400.0,920.0,100.0,10,,,,
119,119.0,0,1080.0,1050.0,100.0,45,,,,
119,119.0,0,1080.0,1050.0,100.0,45,115,1098.5612078936138,1028.0172865919887,2.1857045512134503
119,119.0,1,1350.0,920.0,100.0,10,,,,
119,119.0,2,400.0,920.0,100.0,10,,,,
120,120.0,0,1080.0,1050.0,100.0,45,,,,
120,120.0,0,1080.0,1050.0,100.0,45,115,1096.168391063025,1027.07741356745,2.569894356951147
120,120.0,1,1350.0,920.0,100.0,10,,,,
120,120.0,2,400.0,920.0,100.0,10,,,,
121,121.0,0,1080.0,1050.0,100.0,45,,,,
121,121.0,0,1080.0,1050.0,100.0,45,115,1093.8249769913016,1026.1569454216308,2.5168356064427937
121,121.0,1,1350.0,920.0,100.0,10,,,,
121,121.0,2,400.0,920.0,100.0,10,,,,
122,122.0,0,1080.0,1050.0,100.0,45,,,,
122,122.0,0,1080.0,1050.0,100.0,45,115,1091.4392270676508,1025.219848203043,2.5623044720804615
122,122.0,1,1350.0,920.0,100.0,10,,,,
122,122.0,2,400.0,920.0,100.0,10,,,,
123,123.0,0,1080.0,1050.0,100.0,45,,,,
123,123.0,0,1080.0,1050.0,100.0,45,115,1089.5350121664942,1024.4718928244104,2.0451340304641348
123,123.0,1,1350.0,920.0,100.0,10,,,,
123,123.0,2,400.0,920.0,100.0,10,,,,
124,124.0,0,1080.0,1050.0,100.0,45,,,,
124,124.0,0,1080.0,1050.0,100.0,45,115,1088.0498343062252,1023.904664852812,1.5895979029313023
124,124.0,1,1350.0,920.0,100.0,10,,,,
124,124.0,2,400.0,920.0,100.0,10,,,,
125,125.0,0,1080.0,1050.0,100.0,45,,,,
125,125.0,0,1080.0,1050.0,100.0,45,115,1085.989716960663,1023.1877583978293,2.1811786304647396
125,125.0,1,1350.0,920.0,100.0,10,,,,
125,125.0,2,400.0,920.0,100.0,10,,,,
126,126.0,0,1080.0,1050.0,100.0,45,,,,
126,126.0,0,1080.0,1050.0,100.0,45,115,1083.3263336848788,1022.2609196104098,2.819895040635049
126,126.0,1,1350.0,920.0,100.0,10,,,,
126,126.0,2,400.0,920.0,100.0,10,,,,
127,127.0,0,1080.0,1050.0,100.0,45,,,,
127,127.0,0,1080.0,1050.0,100.0,45,115,1081.6448524711702,1021.675775886128,1.7802922240179326
127,127.0,1,1350.0,920.0,100.0,10,,,,
127,127.0,2,400.0,920.0,100.0,10,,,,
128,128.0,0,1080.0,1050.0,100.0,45,,,,
128,128.0,0,1080.0,1050.0,100.0,45,80,1151.5248282236169,1049.7749742169394,2.2822344947258606
128,128.0,0,1080.0,1050.0,100.0,45,115,1080.1063012251068,1021.1403707928207,1.6289630816504654
128,128.0,1,1350.0,920.0,100.0,10,,,,
128,128.0,2,400.0,920.0,100.0,10,,,,
129,129.0,0,1080.0,1050.0,100.0,45,,,,
129,129.0,0,1080.0,1050.0,100.0,45,80,1149.8285670472396,1049.0972450323954,1.8267676542398181
129,129.0,0,1080.0,1050.0,100.0,45,115,1078.564421887625,1020.6038075469326,1.6324867459200616
129,129.0,1,1350.0,920.0,100.0,10,,,,
129,129.0,2,400.0,920.0,100.0,10,,,,
130,130.0,0,1080.0,1050.0,100.0,45,,,,
130,130.0,0,1080.0,1050.0,100.0,45,80,1147.9087227257767,1048.3301847797904,2.06755277811332
130,130.0,0,1080.0,1050.0,100.0,45,115,1076.3408387456418,1019.8300161359178,2.3542503745248835
130,130.0,1,1350.0,920.0,100.0,10,,,,
130,130.0,2,400.0,920.0,100.0,10,,,,
131,131.0,0,1080.0,1050.0,100.0,45,,,,
131,131.0,0,1080.0,1050.0,100.0,45,80,1146.454055983523,1047.748982946759,1.5665854937049222
131,131.0,0,1080.0,1050.0,100.0,45,115,1074.087016287962,1019.0457016541353,2.386266681430891
131,131.0,1,1350.0,920.0,100.0,10,,,,
131,131.0,2,400.0,920.0,100.0,10,,,,
132,132.0,0,1080.0,1050.0,100.0,45,,,,
132,132.0,0,1080.0,1050.0,100.0,45,80,1144.8478805170125,1047.1072468719658,1.7297509546975267
132,132.0,0,1080.0,1050.0,100.0,45,115,1072.3245137829742,1018.4323630860821,1.866074672057323
132,132.0,1,1350.0,920.0,100.0,10,,,,
132,132.0,2,400.0,920.0,100.0,10,,,,
133,133.0,0,1080.0,1050.0,100.0,45,,,,
133,133.0,0,1080.0,1050.0,100.0,45,80,1142.7381165384172,1046.2643055603885,2.272084421815969
133,133.0,0,1080.0,1050.0,100.0,45,115,1070.8673248390655,1017.9252715059505,1.542819583481207
133,133.0,1,1350.0,920.0,100.0,10,,,,
133,133.0,2,400.0,920.0,100.0,10,,,,
134,134.0,0,1080.0,1050.0,100.0,45,,,,
134,134.0,0,1080.0,1050.0,100.0,45,80,1141.2361447734188,1045.664203339294,1.6175300573349591
134,134.0,0,1080.0,1050.0,100.0,45,115,1068.4104443001718,1017.070294229414,2.6012573218625334
134,134.0,1,1350.0,920.0,100.0,10,,,,
134,134.0,2,400.0,920.0,100.0,10,,,,
135,135.0,0,1080.0,1050.0,100.0,45,,,,
135,135.0,0,1080.0,1050.0,100.0,45,80,1138.8410905287406,1044.707276314854,2.579324272263482
135,135.0,0,1080.0,1050.0,100.0,45,115,1066.3297082359868,1016.3462126042857,2.2030089929653625
135,135.0,1,1350.0,920.0,100.0,10,,,,
135,135.0,2,400.0,920.0,100.0,10,,,,
136,136.0,0,1080.0,1050.0,100.0,45,,,,
136,136.0,0,1080.0,1050.0,100.0,45,80,1137.0509686829005,1043.9920457620883,1.9278497501860035
136,136.0,0,1080.0,1050.0,100.0,45,115,1063.869920242788,1015.4902235539475,2.6043356305873315
136,136.0,1,1350.0,920.0,100.0,10,,,,
136,136.0,2,400.0,920.0,100.0,10,,,,
137,137.0,0,1080.0,1050.0,100.0,45,,,,
137,137.0,0,1080.0,1050.0,100.0,45,80,1134.6588793468552,1043.0363033459726,2.576131250301994
137,137.0,0,1080.0,1050.0,100.0,45,115,1061.9967891721249,1014.8383870173153,1.9832042442588431
137,137.0,1,1350.0,920.0,100.0,10,,,,
137,137.0,2,400.0,920.0,100.0,10,,,,
138,138.0,0,1080.0,1050.0,100.0,45,,,,
138,138.0,0,1080.0,1050.0,100.0,45,80,1133.2949080112712,1042.4913382227476,1.46891218867401
138,138.0,0,1080.0,1050.0,100.0,45,115,1059.4871798897457,1013.9902347267079,2.6498167226743248
138,138.0,1,1350.0,920.0,100.0,10,,,,
138,138.0,2,400.0,920.0,100.0,10,,,,
139,139.0,0,1080.0,1050.0,100.0,45,,,,
139,139.0,0,1080.0,1050.0,100.0,45,80,1131.5837578112935,1041.807660233878,1.8428022054607642
139,139.0,0,1080.0,1050.0,100.0,45,115,1057.0505639047874,1013.3671458351295,2.5148906572442797
139,139.0,1,1350.0,920.0,100.0,10,,,,
139,139.0,2,400.0,920.0,100.0,10,,,,
140,140.0,0,1080.0,1050.0,100.0,45,,,,
140,140.0,0,1080.0,1050.0,100.0,45,80,1129.8206283997777,1041.1032143177936,1.8987805793412624
140,140.0,0,1080.0,1050.0,100.0,45,115,1055.4418190683762,1012.9557592879099,1.6604246971849645
140,140.0,1,1350.0,920.0,100.0,10,,,,
140,140.0,2,400.0,920.0,100.0,10,,,,
141,141.0,0,1080.0,1050.0,100.0,45,,,,
141,141.0,0,1080.0,1050.0,100.0,45,80,1127.5416997526418,1040.1926844564925,2.4542642352987674
141,141.0,0,1080.0,1050.0,100.0,45,115,1052.9543346314674,1012.3196623689945,2.5673932244722093
141,141.0,1,1350.0,920.0,100.0,10,,,,
141,141.0,2,400.0,920.0,100.0,10,,,,
142,142.0,0,1080.0,1050.0,100.0,45,,,,
142,142.0,0,1080.0,1050.0,100.0,45,80,1125.8167891396058,1039.5035085916766,1.857621313410498
142,142.0,0,1080.0,1050.0,100.0,45,115,1050.369631742153,1011.6587048490962,2.6677347551752177
142,142.0,1,1350.0,920.0,100.0,10,,,,
142,142.0,2,400.0,920.0,100.0,10,,,,
143,143.0,0,1080.0,1050.0,100.0,45,,,,
143,143.0,0,1080.0,1050.0,100.0,45,80,1123.4875305072892,1038.572869739915,2.5084664950963704
143,143.0,0,1080.0,1050.0,100.0,45,115,1048.7593028797073,1011.2469132363957,1.662059609005257
143,143.0,1,1350.0,920.0,100.0,10,,,,
143,143.0,2,400.0,920.0,100.0,10,,,,
144,144.0,0,1080.0,1050.0,100.0,45,,,,
144,144.0,0,1080.0,1050.0,100.0,45,80,1121.9822805354474,1037.9714577344066,1.6210604819587093
144,144.0,0,1080.0,1050.0,100.0,45,115,1046.0930579588828,1010.5651038734725,2.7518962703598957
144,144.0,1,1350.0,920.0,100.0,10,,,,
144,144.0,2,400.0,920.0,100.0,10,,,,
145,145.0,0,1080.0,1050.0,100.0,45,,,,
145,145.0,0,1080.0,1050.0,100.0,45,79,1152.525626869186,1050.1748362543426,1.880650878689706
145,145.0,0,1080.0,1050.0,100.0,45,80,1119.9265029519167,1037.15008630606,2.213944436272293
145,145.0,0,1080.0,1050.0,100.0,45,115,1043.7839948118765,1009.9746326602266,2.3832402689801824
145,145.0,1,1350.0,920.0,100.0,10,,,,
145,145.0,2,400.0,920.0,100.0,10,,,,
146,146.0,0,1080.0,1050.0,100.0,45,,,,
146,146.0,0,1080.0,1050.0,100.0,45,79,1150.7584951961724,1049.4687912629156,1.9030907657383827
146,146.0,0,1080.0,1050.0,100.0,45,80,1118.1835062218163,1036.442757991837,1.88067218664816
146,146.0,0,1080.0,1050.0,100.0,45,115,1041.3032438404716,1009.3402576160682,2.5604434508551206
146,146.0,1,1350.0,920.0,100.0,10,,,,
146,146.0,2,400.0,920.0,100.0,10,,,,
147,147.0,0,1080.0,1050.0,100.0,45,,,,
147,147.0,0,1080.0,1050.0,100.0,45,79,1148.6252543485648,1048.6164699339724,2.2973675477472018
147,147.0,0,1080.0,1050.0,100.0,45,80,1116.0792732610528,1035.5647327276336,2.2783241769416853
147,147.0,0,1080.0,1050.0,100.0,45,115,1038.5964573135816,1008.6480809960384,2.7937402486289216
147,147.0,1,1350.0,920.0,100.0,10,,,,
147,147.0,2,400.0,920.0,100.0,10,,,,
148,148.0,0,1080.0,1050.0,100.0,45,,,,
148,148.0,0,1080.0,1050.0,100.0,45,79,1145.8900589280872,1047.5236419027094,2.9456351366978955
148,148.0,0,1080.0,1050.0,100.0,45,80,1114.6973862116324,1034.9881179875877,1.496215834084585
148,148.0,0,1080.0,1050.0,100.0,45,115,1036.3562269447343,1008.0752116288413,2.3121962834801817
148,148.0,1,1350.0,920.0,100.0,10,,,,
148,148.0,2,400.0,920.0,100.0,10,,,,
149,149.0,0,1080.0,1050.0,100.0,45,,,,
149,149.0,0,1080.0,1050.0,100.0,45,79,1143.4089530630501,1046.532333560518,2.6719965086239275
149,149.0,0,1080.0,1050.0,100.0,45,80,1113.1939626445967,1034.360790168249,1.6278075312149374
149,149.0,0,1080.0,1050.0,100.0,45,115,1034.655892543574,1007.654697820566,1.7522053563921076
149,149.0,1,1350.0,920.0,100.0,10,,,,
149,149.0,2,400.0,920.0,100.0,10,,,,
150,150.0,0,1080.0,1050.0,100.0,53.04893348367831,,,,
150,150.0,0,1080.0,1050.0,100.0,53.04893348367831,79,1140.7950764171273,1045.4879775896275,2.8149823714899718
150,150.0,0,1080.0,1050.0,100.0,53.04893348367831,80,1111.0184824708924,1033.4530358511638,2.3554659434712155
150,150.0,0,1080.0,1050.0,100.0,53.04893348367831,115,1031.3097209101948,1006.8756556442804,3.438914749603748
150,150.0,1,1350.0,920.0,100.0,0.2251761857939769,,,,
150,150.0,2,400.0,920.0,100.0,0.2251761857939769,,,,
151,151.0,0,1080.0,1050.0,100.0,61.09786696735662,,,,
151,151.0,0,1080.0,1050.0,100.0,61.09786696735662,79,1138.4978552039286,1044.5701390626248,2.4739641897999567
151,151.0,0,1080.0,1050.0,100.0,61.09786696735662,80,1109.624825646528,1032.8535681594237,1.5167766147876751
151,151.0,0,1080.0,1050.0,100.0,61.09786696735662,115,1026.273363037368,1005.7031111284338,5.1759465056658085
151,151.0,1,1350.0,920.0,100.0,-9.549647628412046,,,,
151,151.0,2,400.0,920.0,100.0,-9.549647628412046,,,,
152,152.0,0,1080.0,1050.0,100.0,69.14680045103493,,,,
152,152.0,0,1080.0,1050.0,100.0,69.14680045103493,79,1135.9792342316246,1043.5638418240237,2.7123979429402274
152,152.0,0,1080.0,1050.0,100.0,69.14680045103493,80,1107.474358772779,1031.9100531539996,2.348511607560947
152,152.0,1,1350.0,920.0,100.0,-19.32447144261807,,,,
152,152.0,2,400.0,920.0,100.0,-19.32447144261807,,,,
153,153.0,0,1080.0,1050.0,100.0,77.19573393471325,,,,
153,153.0,0,1080.0,1050.0,100.0,77.19573393471325,80,1106.0528619249183,1031.2863729557635,1.5524079389755276
153,153.0,1,1350.0,920.0,100.0,-29.099295256824092,,,,
153,153.0,2,400.0,920.0,100.0,-29.099295256824092,,,,
154,154.0,0,1093.75,1053.125,100.0,77.19573393471325,,,,
154,154.0,0,1093.75,1053.125,100.0,77.19573393471325,79,1131.832661727027,1041.9071080371934,2.2471675217305194
154,154.0,0,1093.75,1053.125,100.0,77.19573393471325,80,1104.2519299518206,1030.4962160084008,1.966786698682852
154,154.0,1,1350.0,920.0,100.0,-38.874119071030115,,,,
154,154.0,2,400.0,920.0,100.0,-38.874119071030115,,,,
155,155.0,0,1107.5,1056.25,100.0,77.19573393471325,,,,
155,155.0,0,1107.5,1056.25,100.0,77.19573393471325,79,1129.2060009445363,1040.8576442547396,2.8287500904560905
155,155.0,0,1107.5,1056.25,100.0,77.19573393471325,80,1102.9160998674963,1029.9101220096313,1.45885179495687
155,155.0,1,1350.0,920.0,100.0,-48.64894288523614,,,,
155,155.0,2,400.0,920.0,100.0,-48.64894288523614,,,,
156,156.0,0,1121.25,1059.375,100.0,77.19573393471325,,,,
156,156.0,0,1121.25,1059.375,100.0,77.19573393471325,79,1127.056474557653,1039.9988161534864,2.314906059383869
156,156.0,0,1121.25,1059.375,100.0,77.19573393471325,80,1100.4195605740379,1028.8147681058986,2.726455162360951
156,156.0,1,1350.0,920.0,100.0,-58.423766699442155,,,,
156,156.0,2,400.0,920.0,100.0,-58.423766699442155,,,,
157,157.0,0,1135.0,1062.5,100.0,77.19573393471325,,,,
157,157.0,0,1135.0,1062.5,100.0,77.19573393471325,79,1125.1850313037069,1039.2510942058993,2.015427842518769
157,157.0,0,1135.0,1062.5,100.0,77.19573393471325,80,1099.069283964017,1028.2223357096686,1.4746287565563467
157,157.0,1,1350.0,920.0,100.0,-68.19859051364818,,,,
157,157.0,2,400.0,920.0,100.0,-68.19859051364818,,,,
158,158.0,0,1148.75,1065.625,100.0,77.19573393471325,,,,
158,158.0,0,1148.75,1065.625,100.0,77.19573393471325,79,1123.0373768694005,1038.39301403009,2.3128900830321832
158,158.0,0,1148.75,1065.625,100.0,77.19573393471325,128,1190.8930314488532,1066.0507643314024,1.7512559156650673
158,158.0,1,1333.3333333333333,926.6666666666666,100.0,-68.19859051364818,,,,
158,158.0,2,383.3333333333333,926.6666666666666,100.0,-68.19859051364818,,,,
159,159.0,0,1162.5,1068.75,100.0,77.19573393471325,,,,
159,159.0,0,1162.5,1068.75,100.0,77.19573393471325,79,1120.8119972356044,1037.503879299238,2.3965952826351744
159,159.0,0,1162.5,1068.75,100.0,77.19573393471325,128,1188.958494728672,1065.2138105562349,2.107754876140505
159,159.0,1,1316.6666666666667,933.3333333333334,100.0,-68.19859051364818,,,,
159,159.0,2,366.6666666666667,933.3333333333334,100.0,-68.19859051364818,,,,
160,160.0,0,1176.25,1071.875,100.0,77.19573393471325,,,,
160,160.0,0,1176.25,1071.875,100.0,77.19573393471325,128,1187.038659199214,1064.3832170723697,2.0917373427907
160,160.0,1,1300.0,940.0,100.0,-68.19859051364818,,,,
160,160.0,2,350.0,940.0,100.0,-68.19859051364818,,,,
161,161.0,0,1190.0,1075.0,100.0,77.19573393471325,,,,
161,161.0,0,1190.0,1075.0,100.0,77.19573393471325,128,1184.9390611522754,1063.474851522423,2.2875957717439155
161,161.0,1,1300.0,940.0,100.0,-58.39874712324283,,,,
161,161.0,2,350.0,940.0,100.0,-58.39874712324283,,,,
162,162.0,0,1203.75,1078.125,100.0,77.19573393471325,,,,
162,162.0,0,1203.75,1078.125,100.0,77.19573393471325,128,1182.8869437844364,1062.5870279106082,2.2358636790672315
162,162.0,1,1300.0,940.0,100.0,-48.59890373283748,,,,
162,162.0,2,350.0,940.0,100.0,-48.59890373283748,,,,
163,163.0,0,1217.5,1081.25,100.0,77.19573393471325,,,,
163,163.0,0,1217.5,1081.25,100.0,77.19573393471325,128,1180.399196352604,1061.5107342517622,2.7104999999999997
163,163.0,1,1300.0,940.0,100.0,-38.79906034243213,,,,
163,163.0,2,350.0,940.0,100.0,-38.79906034243213,,,,
164,164.0,0,1231.25,1084.375,100.0,77.19573393471325,,,,
164,164.0,1,1300.0,940.0,100.0,-28.99921695202677,,,,
164,164.0,2,350.0,940.0,100.0,-28.99921695202677,,,,
165,165.0,0,1245.0,1087.5,100.0,77.19573393471325,,,,
165,165.0,1,1300.0,940.0,100.0,-19.199373561621414,,,,
165,165.0,2,350.0,940.0,100.0,-19.199373561621414,,,,
166,166.0,0,1258.75,1090.625,100.0,77.19573393471325,,,,
166,166.0,1,1300.0,940.0,100.0,-9.399530171216064,,,,
166,166.0,2,350.0,940.0,100.0,-9.399530171216064,,,,
167,167.0,0,1272.5,1093.75,100.0,77.19573393471325,,,,
167,167.0,1,1300.0,940.0,100.0,0.400313219189286,,,,
167,167.0,2,350.0,940.0,100.0,0.400313219189286,,,,
168,168.0,0,1286.25,1096.875,100.0,77.19573393471325,,,,
168,168.0,1,1300.0,940.0,100.0,10.200156609594643,,,,
168,168.0,2,350.0,940.0,100.0,10.200156609594643,,,,
169,169.0,0,1300.0,1100.0,100.0,77.19573393471325,,,,
169,169.0,1,1300.0,940.0,100.0,20.0,,,,
169,169.0,2,350.0,940.0,100.0,20.0,,,,
170,170.0,0,1300.0,1100.0,100.0,68.59786696735662,,,,
170,170.0,1,1300.0,940.0,100.0,20,,,,
170,170.0,2,350.0,940.0,100.0,20,,,,
171,171.0,0,1300.0,1100.0,100.0,60.0,,,,
171,171.0,1,1300.0,940.0,100.0,20,,,,
171,171.0,2,350.0,940.0,100.0,20,,,,
172,172.0,0,1300.0,1100.0,100.0,60,,,,
172,172.0,1,1300.0,940.0,100.0,20,,,,
172,172.0,2,350.0,940.0,100.0,20,,,,
173,173.0,0,1300.0,1100.0,100.0,60,,,,
173,173.0,1,1300.0,940.0,100.0,20,,,,
173,173.0,2,350.0,940.0,100.0,20,,,,
174,174.0,0,1300.0,1100.0,100.0,60,,,,
174,174.0,1,1300.0,940.0,100.0,20,,,,
174,174.0,2,350.0,940.0,100.0,20,,,,
175,175.0,0,1300.0,1100.0,100.0,60,,,,
175,175.0,1,1300.0,940.0,100.0,20,,,,
175,175.0,2,350.0,940.0,100.0,20,,,,
176,176.0,0,1300.0,1100.0,100.0,60,,,,
176,176.0,1,1300.0,940.0,100.0,20,,,,
176,176.0,2,350.0,940.0,100.0,20,,,,
177,177.0,0,1300.0,1100.0,100.0,60,,,,
177,177.0,1,1300.0,940.0,100.0,20,,,,
177,177.0,2,350.0,940.0,100.0,20,,,,
178,178.0,0,1300.0,1100.0,100.0,60,,,,
178,178.0,1,1300.0,940.0,100.0,20,,,,
178,178.0,2,350.0,940.0,100.0,20,,,,
179,179.0,0,1300.0,1100.0,100.0,60,,,,
179,179.0,1,1300.0,940.0,100.0,20,,,,
179,179.0,2,350.0,940.0,100.0,20,,,,
180,180.0,0,1300.0,1100.0,100.0,60,,,,
180,180.0,1,1300.0,940.0,100.0,20,,,,
180,180.0,2,350.0,940.0,100.0,20,,,,
181,181.0,0,1300.0,1100.0,100.0,60,,,,
181,181.0,1,1300.0,940.0,100.0,20,,,,
181,181.0,2,350.0,940.0,100.0,20,,,,
182,182.0,0,1300.0,1100.0,100.0,60,,,,
182,182.0,1,1300.0,940.0,100.0,20,,,,
182,182.0,2,350.0,940.0,100.0,20,,,,
183,183.0,0,1300.0,1100.0,100.0,60,,,,
183,183.0,1,1300.0,940.0,100.0,20,,,,
183,183.0,2,350.0,940.0,100.0,20,,,,
184,184.0,0,1300.0,1100.0,100.0,60,,,,
184,184.0,1,1300.0,940.0,100.0,20,,,,
184,184.0,2,350.0,940.0,100.0,20,,,,
185,185.0,0,1300.0,1100.0,100.0,60,,,,
185,185.0,1,1300.0,940.0,100.0,20,,,,
185,185.0,2,350.0,940.0,100.0,20,,,,
186,186.0,0,1300.0,1100.0,100.0,60,,,,
186,186.0,1,1300.0,940.0,100.0,20,,,,
186,186.0,2,350.0,940.0,100.0,20,,,,
187,187.0,0,1300.0,1100.0,100.0,60,,,,
187,187.0,1,1300.0,940.0,100.0,20,,,,
187,187.0,2,350.0,940.0,100.0,20,,,,
188,188.0,0,1300.0,1100.0,100.0,60,,,,
188,188.0,1,1300.0,940.0,100.0,20,,,,
188,188.0,2,350.0,940.0,100.0,20,,,,
189,189.0,0,1300.0,1100.0,100.0,60,,,,
189,189.0,1,1300.0,940.0,100.0,20,,,,
189,189.0,2,350.0,940.0,100.0,20,,,,
190,190.0,0,1300.0,1100.0,100.0,60,,,,
190,190.0,1,1300.0,940.0,100.0,20,,,,
190,190.0,2,350.0,940.0,100.0,20,,,,
191,191.0,0,1300.0,1100.0,100.0,60,,,,
191,191.0,1,1300.0,940.0,100.0,20,,,,
191,191.0,2,350.0,940.0,100.0,20,,,,
192,192.0,0,1300.0,1100.0,100.0,60,,,,
192,192.0,1,1300.0,940.0,100.0,20,,,,
192,192.0,2,350.0,940.0,100.0,20,,,,
193,193.0,0,1300.0,1100.0,100.0,60,,,,
193,193.0,1,1300.0,940.0,100.0,20,,,,
193,193.0,2,350.0,940.0,100.0,20,,,,
194,194.0,0,1300.0,1100.0,100.0,60,,,,
194,194.0,1,1300.0,940.0,100.0,20,,,,
194,194.0,2,350.0,940.0,100.0,20,,,,
195,195.0,0,1300.0,1100.0,100.0,60,,,,
195,195.0,1,1300.0,940.0,100.0,20,,,,
195,195.0,2,350.0,940.0,100.0,20,,,,
196,196.0,0,1300.0,1100.0,100.0,60,,,,
196,196.0,1,1300.0,940.0,100.0,20,,,,
196,196.0,2,350.0,940.0,100.0,20,,,,
197,197.0,0,1300.0,1100.0,100.0,60,,,,
197,197.0,1,1300.0,940.0,100.0,20,,,,
197,197.0,2,350.0,940.0,100.0,20,,,,
198,198.0,0,1300.0,1100.0,100.0,60,,,,
198,198.0,1,1300.0,940.0,100.0,20,,,,
198,198.0,2,350.0,940.0,100.0,20,,,,
199,199.0,0,1300.0,1100.0,100.0,60,,,,
199,199.0,1,1300.0,940.0,100.0,20,,,,
199,199.0,2,350.0,940.0,100.0,20,,,,
200,200.0,0,1300.0,1100.0,100.0,50.45454545454545,,,,
200,200.0,1,1300.0,940.0,100.0,10.090577081500449,,,,
200,200.0,2,350.0,940.0,100.0,10.200156609594647,,,,
201,201.0,0,1300.0,1100.0,100.0,40.90909090909091,,,,
201,201.0,1,1300.0,940.0,100.0,0.18115416300089748,,,,
201,201.0,2,350.0,940.0,100.0,0.4003132191892931,,,,
202,202.0,0,1300.0,1100.0,100.0,31.363636363636363,,,,
202,202.0,1,1300.0,940.0,100.0,-9.728268755498654,,,,
202,202.0,2,350.0,940.0,100.0,-9.39953017121606,,,,
203,203.0,0,1300.0,1100.0,100.0,21.81818181818182,,,,
203,203.0,1,1300.0,940.0,100.0,-19.637691673998205,,,,
203,203.0,2,350.0,940.0,100.0,-19.199373561621414,,,,
204,204.0,0,1300.0,1100.0,100.0,12.272727272727273,,,,
204,204.0,1,1300.0,940.0,100.0,-29.54711459249775,,,,
204,204.0,2,350.0,940.0,100.0,-28.99921695202677,,,,
205,205.0,0,1300.0,1100.0,100.0,2.7272727272727266,,,,
205,205.0,1,1300.0,940.0,100.0,-39.45653751099731,,,,
205,205.0,2,350.0,940.0,100.0,-38.79906034243212,,,,
206,206.0,0,1300.0,1100.0,100.0,-6.818181818181813,,,,
206,206.0,1,1300.0,940.0,100.0,-49.36596042949685,,,,
206,206.0,2,350.0,940.0,100.0,-48.59890373283747,,,,
207,207.0,0,1300.0,1100.0,100.0,-16.36363636363636,,,,
207,207.0,1,1300.0,940.0,100.0,-59.27538334799641,,,,
207,207.0,2,350.0,940.0,100.0,-58.39874712324283,,,,
208,208.0,0,1300.0,1100.0,100.0,-25.909090909090907,,,,
208,208.0,1,1300.0,940.0,100.0,-69.18480626649595,,,,
208,208.0,2,350.0,940.0,100.0,-68.19859051364818,,,,
209,209.0,0,1300.0,1100.0,100.0,-35.45454545454545,,,,
209,209.0,1,1300.0,940.0,100.0,-79.0942291849955,,,,
209,209.0,2,333.3333333333333,946.6666666666666,100.0,-68.19859051364818,,,,
210,210.0,0,1300.0,1100.0,100.0,-45.0,,,,
210,210.0,1,1300.0,940.0,100.0,-89.00365210349506,,,,
210,210.0,2,316.6666666666667,953.3333333333334,100.0,-68.19859051364818,,,,
211,211.0,0,1290.0,1110.0,100.0,-45.0,,,,
211,211.0,1,1286.144578313253,940.2409638554217,100.0,-89.00365210349506,,,,
211,211.0,2,300.0,960.0,100.0,-68.19859051364818,,,,
212,212.0,0,1280.0,1120.0,100.0,-45.0,,,,
212,212.0,1,1272.289156626506,940.4819277108434,100.0,-89.00365210349506,,,,
212,212.0,2,300.0,960.0,100.0,-58.37873146228337,,,,
213,213.0,0,1270.0,1130.0,100.0,-45.0,,,,
213,213.0,1,1258.433734939759,940.722891566265,100.0,-89.00365210349506,,,,
213,213.0,2,300.0,960.0,100.0,-48.558872410918546,,,,
214,214.0,0,1260.0,1140.0,100.0,-45.0,,,,
214,214.0,1,1244.578313253012,940.9638554216867,100.0,-89.00365210349506,,,,
214,214.0,2,300.0,960.0,100.0,-38.73901335955373,,,,
215,215.0,0,1250.0,1150.0,100.0,-45.0,,,,
215,215.0,0,1250.0,1150.0,100.0,-45.0,68,1177.3423089092441,1080.911108622554,2.5984172803343313
215,215.0,1,1230.7228915662652,941.2048192771084,100.0,-89.00365210349506,,,,
215,215.0,2,300.0,960.0,100.0,-28.919154308188908,,,,
216,216.0,0,1240.0,1160.0,100.0,-45.0,,,,
216,216.0,1,1216.867469879518,941.4457831325301,100.0,-89.00365210349506,,,,
216,216.0,2,300.0,960.0,100.0,-19.099295256824092,,,,
217,217.0,0,1230.0,1170.0,100.0,-45.0,,,,
217,217.0,1,1203.012048192771,941.6867469879518,100.0,-89.00365210349506,,,,
217,217.0,2,300.0,960.0,100.0,-9.279436205459277,,,,
218,218.0,0,1220.0,1180.0,100.0,-45.0,,,,
218,218.0,1,1189.1566265060242,941.9277108433735,100.0,-89.00365210349506,,,,
218,218.0,2,300.0,960.0,100.0,0.5404228459055389,,,,
219,219.0,0,1210.0,1190.0,100.0,-45.0,,,,
219,219.0,1,1175.301204819277,942.1686746987951,100.0,-89.00365210349506,,,,
219,219.0,2,300.0,960.0,100.0,10.360281897270369,,,,
220,220.0,0,1200.0,1200.0,100.0,-45.0,,,,
220,220.0,0,1200.0,1200.0,100.0,-45.0,160,1133.8782765208,1226.421026897,7.87781263509629
220,220.0,0,1200.0,1200.0,100.0,-45.0,167,1132.7240354857822,1209.9145265665256,5.830773666629939
220,220.0,1,1161.44578313253,942.4096385542168,100.0,-89.00365210349506,,,,
220,220.0,2,300.0,960.0,100.0,20.180140948635184,,,,
221,221.0,0,1200.0,1200.0,100.0,-35.0,,,,
221,221.0,0,1200.0,1200.0,100.0,-35.0,160,1133.2598285132244,1236.052515635134,9.650665420539246
221,221.0,0,1200.0,1200.0,100.0,-35.0,167,1134.4861216095553,1214.7491939847248,5.269199347138876
221,221.0,0,1200.0,1200.0,100.0,-35.0,189,1124.4002991230332,1210.1815586500159,5.140647156379053
221,221.0,1,1147.5903614457832,942.6506024096385,100.0,-89.00365210349506,,,,
221,221.0,2,300.0,960.0,100.0,30.0,,,,
222,222.0,0,1200.0,1200.0,100.0,-25.0,,,,
222,222.0,0,1200.0,1200.0,100.0,-25.0,160,1135.389782453705,1247.8998949919624,11.614680360223666
222,222.0,0,1200.0,1200.0,100.0,-25.0,167,1134.1238019548412,1222.5973013389464,7.86496714236355
222,222.0,0,1200.0,1200.0,100.0,-25.0,189,1129.6194025356192,1208.7079004893174,5.346482021257035
222,222.0,1,1133.734939759036,942.8915662650602,100.0,-89.00365210349506,,,,
222,222.0,2,300.0,960.0,100.0,30,,,,
223,223.0,0,1200.0,1200.0,100.0,-15.0,,,,
223,223.0,0,1200.0,1200.0,100.0,-15.0,167,1133.4602299830074,1232.9315346057238,10.354809141872922
223,223.0,0,1200.0,1200.0,100.0,-15.0,189,1133.7933392108948,1211.5682904120147,5.516158404085957
223,223.0,1,1119.879518072289,943.1325301204819,100.0,-89.00365210349506,,,,
223,223.0,2,300.0,960.0,100.0,30,,,,
224,224.0,0,1200.0,1200.0,100.0,-5.0,,,,
224,224.0,0,1200.0,1200.0,100.0,-5.0,189,1134.511970281136,1215.854311485513,4.371088009996133
224,224.0,1,1106.0240963855422,943.3734939759037,100.0,-89.00365210349506,,,,
224,224.0,2,300.0,960.0,100.0,30,,,,
225,225.0,0,1200.0,1200.0,100.0,5.0,,,,
225,225.0,0,1200.0,1200.0,100.0,5.0,189,1134.192618417049,1221.525578295724,5.682120151880922
225,225.0,1,1092.1686746987953,943.6144578313254,100.0,-89.00365210349506,,,,
225,225.0,2,300.0,960.0,100.0,30,,,,
226,226.0,0,1200.0,1200.0,100.0,15.0,,,,
226,226.0,0,1200.0,1200.0,100.0,15.0,189,1133.7308906725962,1228.7163615407324,7.20510038437115
226,226.0,1,1078.313253012048,943.855421686747,100.0,-89.00365210349506,,,,
226,226.0,2,300.0,960.0,100.0,30,,,,
227,227.0,0,1200.0,1200.0,100.0,25.0,,,,
227,227.0,0,1200.0,1200.0,100.0,25.0,189,1129.8848948946743,1237.9772729508436,9.603905111497994
227,227.0,1,1064.4578313253012,944.0963855421687,100.0,-89.00365210349506,,,,
227,227.0,2,300.0,960.0,100.0,30,,,,
228,228.0,0,1200.0,1200.0,100.0,35.0,,,,
228,228.0,0,1200.0,1200.0,100.0,35.0,189,1128.8667267058029,1249.0339524884603,11.072223992126789
228,228.0,1,1050.6024096385543,944.3373493975904,100.0,-89.00365210349506,,,,
228,228.0,2,300.0,960.0,100.0,30,,,,
229,229.0,0,1200.0,1200.0,100.0,45.0,,,,
229,229.0,0,1200.0,1200.0,100.0,45.0,189,1127.7331096629782,1261.655161730596,12.670319005723837
229,229.0,1,1036.7469879518071,944.5783132530121,100.0,-89.00365210349506,,,,
229,229.0,2,300.0,960.0,100.0,30,,,,
230,230.0,0,1200.0,1200.0,100.0,55.0,,,,
230,230.0,1,1022.8915662650602,944.8192771084338,100.0,-89.00365210349506,,,,
230,230.0,2,300.0,960.0,100.0,30,,,,
231,231.0,0,1200.0,1200.0,100.0,65.0,,,,
231,231.0,1,1009.0361445783133,945.0602409638554,100.0,-89.00365210349506,,,,
231,231.0,1,1009.0361445783133,945.0602409638554,100.0,-89.00365210349506,203,980.7283006602213,996.1870751650554,4.513928280717113
231,231.0,2,300.0,960.0,100.0,30,,,,
232,232.0,0,1200.0,1200.0,100.0,75.0,,,,
232,232.0,1,995.1807228915663,945.3012048192771,100.0,-89.00365210349506,,,,
232,232.0,1,995.1807228915663,945.3012048192771,100.0,-89.00365210349506,203,973.8631790212006,994.3571530189236,7.1012603120108855
232,232.0,2,300.0,960.0,100.0,30,,,,
233,233.0,0,1200.0,1200.0,100.0,75,,,,
233,233.0,1,981.3253012048192,945.5421686746988,100.0,-89.00365210349506,,,,
233,233.0,1,981.3253012048192,945.5421686746988,100.0,-89.00365210349506,203,965.2843288512195,992.0170055652272,8.895157882284725
233,233.0,2,300.0,960.0,100.0,30,,,,
234,234.0,0,1200.0,1200.0,100.0,75,,,,
234,234.0,1,967.4698795180723,945.7831325301205,100.0,-89.00365210349506,,,,
234,234.0,1,967.4698795180723,945.7831325301205,100.0,-89.00365210349506,203,955.0538686169283,990.299181316084,10.382624749762357
234,234.0,2,300.0,960.0,100.0,30,,,,
235,235.0,0,1200.0,1200.0,100.0,75,,,,
235,235.0,1,953.6144578313254,946.0240963855422,100.0,-89.00365210349506,,,,
235,235.0,1,953.6144578313254,946.0240963855422,100.0,-89.00365210349506,203,943.379129537926,989.0116057120819,11.746985683117412
235,235.0,2,300.0,960.0,100.0,30,,,,
236,236.0,0,1200.0,1200.0,100.0,75,,,,
236,236.0,1,939.7590361445783,946.2650602409639,100.0,-89.00365210349506,,,,
236,236.0,1,939.7590361445783,946.2650602409639,100.0,-89.00365210349506,203,929.8028333441973,987.4241980210928,13.668021105711698
236,236.0,2,300.0,960.0,100.0,30,,,,
237,237.0,0,1200.0,1200.0,100.0,75,,,,
237,237.0,1,925.9036144578313,946.5060240963855,100.0,-89.00365210349506,,,,
237,237.0,1,925.9036144578313,946.5060240963855,100.0,-89.00365210349506,203,915.1586280870582,985.8837880341939,14.724255359985243
237,237.0,2,300.0,960.0,100.0,30,,,,
238,238.0,0,1200.0,1200.0,100.0,75,,,,
238,238.0,1,912.0481927710844,946.7469879518072,100.0,-89.00365210349506,,,,
238,238.0,1,912.0481927710844,946.7469879518072,100.0,-89.00365210349506,203,900.5909052353471,984.4491764162912,14.636798110555233
238,238.0,2,300.0,960.0,100.0,30,,,,
239,239.0,0,1200.0,1200.0,100.0,75,,,,
239,239.0,1,898.1927710843373,946.9879518072289,100.0,-89.00365210349506,,,,
239,239.0,1,898.1927710843373,946.9879518072289,100.0,-89.00365210349506,203,889.7949528398253,983.386004162769,10.847143183113003
239,239.0,2,300.0,960.0,100.0,30,,,,
240,240.0,0,1200.0,1200.0,100.0,75,,,,
240,240.0,1,884.3373493975903,947.2289156626506,100.0,-89.00365210349506,,,,
240,240.0,1,884.3373493975903,947.2289156626506,100.0,-89.00365210349506,203,882.2867984192723,984.3295014952964,7.648097286256887
240,240.0,2,300.0,960.0,100.0,30,,,,
241,241.0,0,1200.0,1200.0,100.0,75,,,,
241,241.0,1,870.4819277108434,947.4698795180723,100.0,-89.00365210349506,,,,
241,241.0,1,870.4819277108434,947.4698795180723,100.0,-89.00365210349506,203,880.9581147004658,987.3823186598152,3.720275647238955
241,241.0,2,300.0,960.0,100.0,30,,,,
242,242.0,0,1200.0,1200.0,100.0,75,,,,
242,242.0,1,856.6265060240964,947.710843373494,100.0,-89.00365210349506,,,,
242,242.0,1,856.6265060240964,947.710843373494,100.0,-89.00365210349506,203,880.8442845215641,992.8169800217387,5.434661361923568
242,242.0,2,300.0,960.0,100.0,30,,,,
243,243.0,0,1200.0,1200.0,100.0,75,,,,
243,243.0,1,842.7710843373494,947.9518072289156,100.0,-89.00365210349506,,,,
243,243.0,2,300.0,960.0,100.0,30,,,,
244,244.0,0,1200.0,1200.0,100.0,75,,,,
244,244.0,1,828.9156626506024,948.1927710843373,100.0,-89.00365210349506,,,,
244,244.0,2,300.0,960.0,100.0,30,,,,
245,245.0,0,1200.0,1200.0,100.0,75,,,,
245,245.0,1,815.0602409638554,948.433734939759,100.0,-89.00365210349506,,,,
245,245.0,2,300.0,960.0,100.0,30,,,,
246,246.0,0,1200.0,1200.0,100.0,75,,,,
246,246.0,1,801.2048192771084,948.6746987951807,100.0,-89.00365210349506,,,,
246,246.0,2,300.0,960.0,100.0,30,,,,
247,247.0,0,1200.0,1200.0,100.0,75,,,,
247,247.0,1,787.3493975903615,948.9156626506024,100.0,-89.00365210349506,,,,
247,247.0,2,300.0,960.0,100.0,30,,,,
248,248.0,0,1200.0,1200.0,100.0,75,,,,
248,248.0,1,773.4939759036145,949.156626506024,100.0,-89.00365210349506,,,,
248,248.0,2,300.0,960.0,100.0,30,,,,
249,249.0,0,1200.0,1200.0,100.0,75,,,,
249,249.0,1,759.6385542168674,949.3975903614457,100.0,-89.00365210349506,,,,
249,249.0,2,300.0,960.0,100.0,30,,,,
250,250.0,0,1200.0,1200.0,100.0,65.0,,,,
250,250.0,1,745.7831325301205,949.6385542168674,100.0,-89.00365210349506,,,,
250,250.0,2,300.0,960.0,100.0,20.632886947382616,,,,
251,251.0,0,1200.0,1200.0,100.0,55.0,,,,
251,251.0,1,731.9277108433735,949.8795180722891,100.0,-89.00365210349506,,,,
251,251.0,2,300.0,960.0,100.0,11.265773894765235,,,,
252,252.0,0,1200.0,1200.0,100.0,45.0,,,,
252,252.0,1,718.0722891566265,950.1204819277109,100.0,-89.00365210349506,,,,
252,252.0,2,300.0,960.0,100.0,1.8986608421478586,,,,
253,253.0,0,1200.0,1200.0,100.0,35.0,,,,
253,253.0,1,704.2168674698795,950.3614457831326,100.0,-89.00365210349506,,,,
253,253.0,2,300.0,960.0,100.0,-7.468452210469529,,,,
254,254.0,0,1200.0,1200.0,100.0,25.0,,,,
254,254.0,1,690.3614457831326,950.6024096385543,100.0,-89.00365210349506,,,,
254,254.0,2,300.0,960.0,100.0,-16.835565263086913,,,,
255,255.0,0,1200.0,1200.0,100.0,15.0,,,,
255,255.0,1,676.5060240963855,950.843373493976,100.0,-89.00365210349506,,,,
255,255.0,2,300.0,960.0,100.0,-26.202678315704283,,,,
256,256.0,0,1200.0,1200.0,100.0,5.0,,,,
256,256.0,1,662.6506024096385,951.0843373493976,100.0,-89.00365210349506,,,,
256,256.0,2,300.0,960.0,100.0,-35.569791368321674,,,,
257,257.0,0,1200.0,1200.0,100.0,-5.0,,,,
257,257.0,0,1200.0,1200.0,100.0,-5.0,80,1131.4393264062144,1209.0473942187402,5.220382657462302
257,257.0,1,648.7951807228916,951.3253012048193,100.0,-89.00365210349506,,,,
257,257.0,2,300.0,960.0,100.0,-44.93690442093906,,,,
258,258.0,0,1200.0,1200.0,100.0,-15.0,,,,
258,258.0,0,1200.0,1200.0,100.0,-15.0,80,1134.3215119612162,1213.7021083233133,5.832906422620326
258,258.0,1,634.9397590361446,951.566265060241,100.0,-89.00365210349506,,,,
258,258.0,2,300.0,960.0,100.0,-54.30401747355644,,,,
259,259.0,0,1200.0,1200.0,100.0,-25.0,,,,
259,259.0,0,1200.0,1200.0,100.0,-25.0,79,1129.0546697013954,1208.823889387929,5.762471168501352
259,259.0,0,1200.0,1200.0,100.0,-25.0,80,1134.294044839216,1219.9459993644589,6.27176011122825
259,259.0,1,621.0843373493976,951.8072289156627,100.0,-89.00365210349506,,,,
259,259.0,2,300.0,960.0,100.0,-63.671130526173826,,,,
260,260.0,0,1200.0,1200.0,100.0,-35.0,,,,
260,260.0,0,1200.0,1200.0,100.0,-35.0,79,1133.6759565560317,1211.094064486368,5.6041624057850425
260,260.0,0,1200.0,1200.0,100.0,-35.0,80,1133.7826334581985,1227.9105378486756,7.980396201457515
260,260.0,1,607.2289156626506,952.0481927710844,100.0,-89.00365210349506,,,,
260,260.0,2,300.0,960.0,100.0,-73.0382435787912,,,,
261,261.0,0,1200.0,1200.0,100.0,-45.0,,,,
261,261.0,0,1200.0,1200.0,100.0,-45.0,79,1134.520322139536,1215.5419519813577,4.546871976605772
261,261.0,0,1200.0,1200.0,100.0,-45.0,80,1129.8806835336907,1238.0196142018135,10.45390212311937
261,261.0,1,593.3734939759037,952.289156626506,100.0,-89.00365210349506,,,,
261,261.0,2,300.0,960.0,100.0,-82.40535663140857,,,,
262,262.0,0,1190.0,1210.0,100.0,-45.0,,,,
262,262.0,0,1190.0,1210.0,100.0,-45.0,79,1134.1382499951733,1222.3722927108295,6.843387312656423
262,262.0,0,1190.0,1210.0,100.0,-45.0,80,1128.7536086288185,1250.2933609701208,12.293964003790789
262,262.0,1,579.5180722891566,952.5301204819277,100.0,-89.00365210349506,,,,
262,262.0,2,285.0,962.0,100.0,-82.40535663140858,,,,
263,263.0,0,1180.0,1220.0,100.0,-45.0,,,,
263,263.0,0,1180.0,1220.0,100.0,-45.0,79,1133.552368766601,1231.4965980457275,9.142472194698794
263,263.0,0,1180.0,1220.0,100.0,-45.0,80,1127.5729511353059,1263.438298551324,13.196085198250444
263,263.0,1,565.6626506024096,952.7710843373494,100.0,-89.00365210349506,,,,
263,263.0,2,270.0,964.0,100.0,-82.40535663140858,,,,
264,264.0,0,1170.0,1230.0,100.0,-45.0,,,,
264,264.0,0,1170.0,1230.0,100.0,-45.0,79,1133.2220341921607,1236.6411109143355,5.154755801148635
264,264.0,0,1170.0,1230.0,100.0,-45.0,80,1126.3859267170774,1276.1449944627043,12.781646635666334
264,264.0,1,551.8072289156627,953.0120481927711,100.0,-89.00365210349506,,,,
264,264.0,2,255.0,966.0,100.0,-82.40535663140858,,,,
265,265.0,0,1160.0,1240.0,100.0,-45.0,,,,
265,265.0,0,1160.0,1240.0,100.0,-45.0,79,1132.993115704045,1239.0673936340856,2.4376383594003666
265,265.0,0,1160.0,1240.0,100.0,-45.0,80,1125.214405290497,1288.9622870905494,12.836337109868259
265,265.0,1,537.9518072289156,953.2530120481928,100.0,-89.00365210349506,,,,
265,265.0,2,240.0,968.0,100.0,-82.40535663140858,,,,
266,266.0,0,1150.0,1250.0,100.0,-45.0,,,,
266,266.0,0,1150.0,1250.0,100.0,-45.0,79,1132.9393987738536,1239.593254108591,0.5286876813576542
266,266.0,0,1150.0,1250.0,100.0,-45.0,80,1124.1171391453897,1301.4999018961207,12.587081721949282
266,266.0,0,1150.0,1250.0,100.0,-45.0,196,1079.8410019422386,1221.6101111558096,8.396391264373454
266,266.0,1,524.0963855421687,953.4939759036145,100.0,-89.00365210349506,,,,
266,266.0,2,225.0,970.0,100.0,-82.40535663140858,,,,
267,267.0,0,1150.0,1250.0,100.0,-35.35714285714286,,,,
267,267.0,0,1150.0,1250.0,100.0,-35.35714285714286,79,1132.9130582529137,1239.851113945159,0.2592461797753371
267,267.0,0,1150.0,1250.0,100.0,-35.35714285714286,80,1123.4075882524446,1309.5564553767922,8.087081721949282
267,267.0,0,1150.0,1250.0,100.0,-35.35714285714286,196,1083.7354786747278,1221.3866052294898,3.896391264373454
267,267.0,1,510.2409638554217,953.7349397590361,100.0,-89.00365210349506,,,,
267,267.0,2,210.0,972.0,100.0,-82.40535663140858,,,,
268,268.0,0,1150.0,1250.0,100.0,-25.714285714285715,,,,
268,268.0,0,1150.0,1250.0,100.0,-25.714285714285715,79,1132.912300821203,1239.858528802961,0.007454722628919455
268,268.0,0,1150.0,1250.0,100.0,-25.714285714285715,196,1085.171600451379,1221.304185497637,1.4368277767430533
268,268.0,1,496.38554216867465,953.9759036144578,100.0,-89.00365210349506,,,,
268,268.0,2,195.0,974.0,100.0,-82.40535663140858,,,,
269,269.0,0,1150.0,1250.0,100.0,-16.071428571428573,,,,
269,269.0,0,1150.0,1250.0,100.0,-16.071428571428573,79,1132.9119077311761,1239.8623769474336,0.00386883342136328
269,269.0,0,1150.0,1250.0,100.0,-16.071428571428573,196,1085.2584606365904,1221.299200549083,0.08690288583728138
269,269.0,1,482.5301204819277,954.2168674698795,100.0,-89.00365210349506,,,,
269,269.0,2,180.0,976.0,100.0,-82.40535663140858,,,,
270,270.0,0,1150.0,1250.0,100.0,-6.428571428571431,,,,
270,270.0,0,1150.0,1250.0,100.0,-6.428571428571431,79,1132.7189099417074,1241.9483836320735,2.09469460468237
270,270.0,0,1150.0,1250.0,100.0,-6.428571428571431,196,1084.8557892598067,1221.436260417079,2.632323716999764
270,270.0,1,468.6746987951807,954.4578313253012,100.0,-89.00365210349506,,,,
270,270.0,2,165.0,978.0,100.0,-82.40535663140858,,,,
271,271.0,0,1150.0,1250.0,100.0,3.2142857142857153,,,,
271,271.0,0,1150.0,1250.0,100.0,3.2142857142857153,79,1132.3477857772973,1246.0641239158008,4.133095010839968
271,271.0,0,1150.0,1250.0,100.0,3.2142857142857153,196,1088.3067323499008,1220.745882436532,4.497218793863231
271,271.0,1,454.81927710843377,954.6987951807229,100.0,-89.00365210349506,,,,
271,271.0,2,150.0,980.0,100.0,-82.40535663140858,,,,
272,272.0,0,1150.0,1250.0,100.0,12.857142857142854,,,,
272,272.0,0,1150.0,1250.0,100.0,12.857142857142854,79,1131.8097994997995,1252.030353029202,5.99138674508278
272,272.0,0,1150.0,1250.0,100.0,12.857142857142854,196,1094.4724227356337,1219.4538004932174,6.2833387248448895
272,272.0,1,440.96385542168673,954.9397590361446,100.0,-89.00365210349506,,,,
272,272.0,2,150.0,980.0,100.0,-72.98955996745407,,,,
273,273.0,0,1150.0,1250.0,100.0,22.5,,,,
273,273.0,0,1150.0,1250.0,100.0,22.5,79,1131.0565694697561,1260.3836198731726,8.388489830987162
273,273.0,0,1150.0,1250.0,100.0,22.5,196,1102.9308960110047,1217.1688100823353,8.736136260651785
273,273.0,1,427.1084337349398,955.1807228915662,100.0,-89.00365210349506,,,,
273,273.0,2,150.0,980.0,100.0,-63.57376330349957,,,,
274,274.0,0,1150.0,1250.0,100.0,32.14285714285714,,,,
274,274.0,0,1150.0,1250.0,100.0,32.14285714285714,79,1130.0905873829586,1271.0962917206434,10.757843671673543
274,274.0,0,1150.0,1250.0,100.0,32.14285714285714,196,1112.2936531996481,1214.2981635154354,9.765108433093339
274,274.0,1,413.2530120481928,955.4216867469879,100.0,-89.00365210349506,,,,
274,274.0,2,150.0,980.0,100.0,-54.157966639545066,,,,
275,275.0,0,1150.0,1250.0,100.0,41.78571428571429,,,,
275,275.0,0,1150.0,1250.0,100.0,41.78571428571429,79,1128.8521741720301,1284.1139526872648,13.063005294864631
275,275.0,0,1150.0,1250.0,100.0,41.78571428571429,196,1121.0188192160201,1211.3680516681518,9.177927281691156
275,275.0,1,399.39759036144574,955.6626506024096,100.0,-89.00365210349506,,,,
275,275.0,2,150.0,980.0,100.0,-44.742169975590556,,,,
276,276.0,0,1150.0,1250.0,100.0,51.42857142857143,,,,
276,276.0,0,1150.0,1250.0,100.0,51.42857142857143,79,1127.503302122737,1299.4635660482006,15.410174963149005
276,276.0,0,1150.0,1250.0,100.0,51.42857142857143,196,1127.6627610601233,1209.109769613914,6.877168042251267
276,276.0,1,385.5421686746988,955.9036144578313,100.0,-89.00365210349506,,,,
276,276.0,2,150.0,980.0,100.0,-35.32637331163605,,,,
277,277.0,0,1150.0,1250.0,100.0,61.07142857142857,,,,
277,277.0,0,1150.0,1250.0,100.0,61.07142857142857,196,1133.6814882655756,1211.1164125929247,7.048483426022701
277,277.0,1,371.6867469879518,956.144578313253,100.0,-89.00365210349506,,,,
277,277.0,2,150.0,980.0,100.0,-25.910576647681545,,,,
278,278.0,0,1150.0,1250.0,100.0,70.71428571428571,,,,
278,278.0,0,1150.0,1250.0,100.0,70.71428571428571,196,1134.503240719689,1216.1807970836264,5.16372693492357
278,278.0,1,357.83132530120486,956.3855421686746,100.0,-89.00365210349506,,,,
278,278.0,2,150.0,980.0,100.0,-16.494779983727042,,,,
279,279.0,0,1150.0,1250.0,100.0,80.35714285714286,,,,
279,279.0,0,1150.0,1250.0,100.0,80.35714285714286,196,1134.0529724217186,1223.7003752307573,7.534231251681003
279,279.0,1,343.9759036144578,956.6265060240964,100.0,-89.00365210349506,,,,
279,279.0,2,150.0,980.0,100.0,-7.078983319772533,,,,
280,280.0,0,1150.0,1250.0,100.0,90.0,,,,
280,280.0,0,1150.0,1250.0,100.0,90.0,196,1133.464540735048,1232.8644004906096,9.182271203624795
280,280.0,1,330.1204819277109,956.8674698795181,100.0,-89.00365210349506,,,,
280,280.0,2,150.0,980.0,100.0,2.3368133441819623,,,,
281,281.0,0,1150.0,1250.0,100.0,90,,,,
281,281.0,0,1150.0,1250.0,100.0,90,196,1129.385466158942,1243.2585283964706,10.721934681681695
281,281.0,1,316.26506024096386,957.1084337349398,100.0,-89.00365210349506,,,,
281,281.0,2,150.0,980.0,100.0,11.752610008136486,,,,
282,282.0,0,1150.0,1250.0,100.0,90,,,,
282,282.0,0,1150.0,1250.0,100.0,90,196,1128.2299201796973,1256.123885075139,12.915416432281734
282,282.0,1,302.4096385542168,957.3493975903615,100.0,-89.00365210349506,,,,
282,282.0,2,150.0,980.0,100.0,21.16840667209098,,,,
283,283.0,0,1150.0,1250.0,100.0,90,,,,
283,283.0,0,1150.0,1250.0,100.0,90,196,1126.916339571828,1270.748731987299,14.681752931273321
283,283.0,1,288.5542168674699,957.5903614457832,100.0,-89.00365210349506,,,,
283,283.0,2,150.0,980.0,100.0,30.58420333604549,,,,
284,284.0,0,1150.0,1250.0,100.0,90,,,,
284,284.0,0,1150.0,1250.0,100.0,90,196,1125.4348772656583,1286.4431237022322,15.750002344599174
284,284.0,1,274.698795180723,957.8313253012049,100.0,-89.00365210349506,,,,
284,284.0,2,150.0,980.0,100.0,40.0,,,,
285,285.0,0,1150.0,1250.0,100.0,90,,,,
285,285.0,0,1150.0,1250.0,100.0,90,196,1124.0696955413628,1302.0420034044298,15.660424779932194
285,285.0,1,260.84337349397583,958.0722891566265,100.0,-89.00365210349506,,,,
285,285.0,2,150.0,980.0,100.0,40,,,,
286,286.0,0,1150.0,1250.0,100.0,90,,,,
286,286.0,1,246.9879518072289,958.3132530120482,100.0,-89.00365210349506,,,,
286,286.0,2,150.0,980.0,100.0,40,,,,
287,287.0,0,1150.0,1250.0,100.0,90,,,,
287,287.0,1,233.132530120482,958.5542168674699,100.0,-89.00365210349506,,,,
287,287.0,2,150.0,980.0,100.0,40,,,,
288,288.0,0,1150.0,1250.0,100.0,90,,,,
288,288.0,1,219.27710843373484,958.7951807228916,100.0,-89.00365210349506,,,,
288,288.0,2,150.0,980.0,100.0,40,,,,
289,289.0,0,1150.0,1250.0,100.0,90,,,,
289,289.0,1,205.42168674698792,959.0361445783133,100.0,-89.00365210349506,,,,
289,289.0,2,150.0,980.0,100.0,40,,,,
290,290.0,0,1150.0,1250.0,100.0,90,,,,
290,290.0,1,191.566265060241,959.277108433735,100.0,-89.00365210349506,,,,
290,290.0,2,150.0,980.0,100.0,40,,,,
291,291.0,0,1150.0,1250.0,100.0,90,,,,
291,291.0,1,177.71084337349407,959.5180722891566,100.0,-89.00365210349506,,,,
291,291.0,2,150.0,980.0,100.0,40,,,,
292,292.0,0,1150.0,1250.0,100.0,90,,,,
292,292.0,0,1150.0,1250.0,100.0,90,203,1120.5554234546041,1211.5273777166572,7.98741230437813
292,292.0,1,163.85542168674692,959.7590361445783,100.0,-89.00365210349506,,,,
292,292.0,2,150.0,980.0,100.0,40,,,,
293,293.0,0,1150.0,1250.0,100.0,90,,,,
293,293.0,0,1150.0,1250.0,100.0,90,203,1126.5714464477144,1209.3975332272144,6.248683502126165
293,293.0,1,150.0,960.0,100.0,-89.00365210349506,,,,
293,293.0,2,150.0,980.0,100.0,40,,,,
294,294.0,0,1150.0,1250.0,100.0,90,,,,
294,294.0,0,1150.0,1250.0,100.0,90,203,1133.0330562586198,1210.2919881816697,7.112018013486319
294,294.0,1,150.0,960.0,100.0,-79.08668109487047,,,,
294,294.0,2,150.0,980.0,100.0,40,,,,
295,295.0,0,1150.0,1250.0,100.0,90,,,,
295,295.0,0,1150.0,1250.0,100.0,90,203,1134.4983228680735,1214.8689881592666,4.901829788881589
295,295.0,1,150.0,960.0,100.0,-69.16971008624589,,,,
295,295.0,2,150.0,980.0,100.0,40,,,,
296,296.0,0,1150.0,1250.0,100.0,90,,,,
296,296.0,0,1150.0,1250.0,100.0,90,203,1134.1839267346986,1221.6609394572915,6.806174483360957
296,296.0,0,1150.0,1250.0,100.0,90,265,1115.454749126481,1275.2392906160103,9.456194753997414
296,296.0,0,1150.0,1250.0,100.0,90,296,1131.845412647374,1286.5399571275457,0.0
296,296.0,1,150.0,960.0,100.0,-59.252739077621285,,,,
296,296.0,2,150.0,980.0,100.0,40,,,,
297,297.0,0,1150.0,1250.0,100.0,90,,,,
297,297.0,0,1150.0,1250.0,100.0,90,203,1133.636934832004,1230.17959629848,8.535617830419216
297,297.0,0,1150.0,1250.0,100.0,90,265,1120.709834504609,1276.2561439964454,5.3525459648286144
297,297.0,0,1150.0,1250.0,100.0,90,296,1128.5111784249636,1287.994345106944,1.7412309735780582
297,297.0,1,150.0,960.0,100.0,-49.33576806899671,,,,
297,297.0,2,150.0,980.0,100.0,40,,,,
298,298.0,0,1150.0,1250.0,100.0,90,,,,
298,298.0,0,1150.0,1250.0,100.0,90,203,1129.6641470120117,1240.196684095452,10.369100456942107
298,298.0,0,1150.0,1250.0,100.0,90,265,1126.6859261644338,1278.052127002508,6.261047219109677
298,298.0,0,1150.0,1250.0,100.0,90,296,1125.0077399517147,1291.3236926828665,3.623588186874986
298,298.0,1,150.0,960.0,100.0,-39.41879706037212,,,,
298,298.0,2,150.0,980.0,100.0,40,,,,
299,299.0,0,1150.0,1250.0,100.0,90,,,,
299,299.0,0,1150.0,1250.0,100.0,90,203,1128.5557093963412,1252.4966867208782,12.317088436010527
299,299.0,0,1150.0,1250.0,100.0,90,265,1128.8510185291054,1284.1271034320557,7.165471176130623
299,299.0,0,1150.0,1250.0,100.0,90,296,1124.4851581784224,1297.2948319613054,5.994698292808607
299,299.0,1,150.0,960.0,100.0,-29.50182605174752,,,,
299,299.0,2,150.0,980.0,100.0,40,,,,
300,300.0,0,1150.0,1250.0,100.0,90,,,,
300,300.0,0,1150.0,1250.0,100.0,90,203,1127.2575480040866,1266.9498626548623,14.50941397263785
300,300.0,0,1150.0,1250.0,100.0,90,265,1128.0427409908832,1293.324971907826,9.234158487690538
300,300.0,0,1150.0,1250.0,100.0,90,272,1118.9087914191202,1212.093527425827,6.855803984044649
300,300.0,0,1150.0,1250.0,100.0,90,296,1123.7665853601065,1305.5054099017348,8.242972616665066
300,300.0,1,150.0,960.0,100.0,-19.584855043122943,,,,
300,300.0,2,150.0,980.0,100.0,40,,,,
301,301.0,0,1150.0,1250.0,100.0,90,,,,
301,301.0,0,1150.0,1250.0,100.0,90,203,1125.894143076189,1281.1954471458396,14.295272107163752
301,301.0,0,1150.0,1250.0,100.0,90,265,1127.0181177763116,1304.9847658760964,11.705797459537088
301,301.0,0,1150.0,1250.0,100.0,90,272,1125.5382115026546,1209.7706458462637,6.92291381511797
301,301.0,0,1150.0,1250.0,100.0,90,296,1122.839220968393,1315.6718612414363,10.223041982133873
301,301.0,1,150.0,960.0,100.0,-9.667884034498357,,,,
301,301.0,2,150.0,980.0,100.0,40,,,,
302,302.0,0,1150.0,1250.0,100.0,90,,,,
302,302.0,0,1150.0,1250.0,100.0,90,203,1124.6249179930737,1295.6979042430773,14.559676260820744
302,302.0,0,1150.0,1250.0,100.0,90,272,1129.8944487081897,1208.6514095245807,4.457813618407854
302,302.0,1,150.0,960.0,100.0,0.24908697412624292,,,,
302,302.0,2,150.0,980.0,100.0,40,,,,
303,303.0,0,1150.0,1250.0,100.0,90,,,,
303,303.0,0,1150.0,1250.0,100.0,90,203,1123.3270906020903,1310.4607694063045,14.819710505797836
303,303.0,0,1150.0,1250.0,100.0,90,272,1133.8326668253608,1211.7271739744572,5.3990222126071234
303,303.0,1,150.0,960.0,100.0,10.166057982750814,,,,
303,303.0,2,150.0,980.0,100.0,40,,,,
304,304.0,0,1150.0,1250.0,100.0,90,,,,
304,304.0,0,1150.0,1250.0,100.0,90,272,1134.5100633652842,1215.925630138375,4.278806050874575
304,304.0,1,150.0,960.0,100.0,20.083028991375414,,,,
304,304.0,2,150.0,980.0,100.0,40,,,,
305,305.0,0,1150.0,1250.0,100.0,90,,,,
305,305.0,0,1150.0,1250.0,100.0,90,272,1134.1579033362618,1222.0662185848855,6.1524023742725165
305,305.0,1,150.0,960.0,100.0,30.000000000000014,,,,
305,305.0,2,150.0,980.0,100.0,40,,,,
306,306.0,0,1150.0,1250.0,100.0,90,,,,
306,306.0,0,1150.0,1250.0,100.0,90,272,1133.6541303411598,1229.9117995706222,7.861201853801779
306,306.0,1,150.0,960.0,100.0,39.549647628412046,,,,
306,306.0,2,150.0,980.0,100.0,40,,,,
307,307.0,0,1150.0,1250.0,100.0,90,,,,
307,307.0,0,1150.0,1250.0,100.0,90,128,1117.5886874723337,1209.0816227934279,4.484410321987234
307,307.0,0,1150.0,1250.0,100.0,90,272,1132.8683767503007,1240.2885223391597,10.408041946481264
307,307.0,1,150.0,960.0,100.0,49.09929525682409,,,,
307,307.0,2,150.0,980.0,100.0,40,,,,
308,308.0,0,1150.0,1250.0,100.0,90,,,,
308,308.0,0,1150.0,1250.0,100.0,90,128,1122.254443159001,1207.5602293135335,4.910614409106784
308,308.0,0,1150.0,1250.0,100.0,90,266,1118.0090176436647,1212.4028902041014,7.7461404165214
308,308.0,0,1150.0,1250.0,100.0,90,272,1131.9158420494512,1250.8543487825252,10.60977679368122
308,308.0,1,150.0,960.0,100.0,58.64894288523614,,,,
308,308.0,2,150.0,980.0,100.0,40,,,,
309,309.0,0,1150.0,1250.0,100.0,90,,,,
309,309.0,0,1150.0,1250.0,100.0,90,128,1122.6267201048497,1207.425039311518,0.4106144091067838
309,309.0,0,1150.0,1250.0,100.0,90,266,1125.4161310316929,1209.8147304607776,7.7461404165214
309,309.0,0,1150.0,1250.0,100.0,90,272,1130.9119640190706,1261.987283918003,11.179879072150351
309,309.0,1,150.0,960.0,100.0,68.19859051364818,,,,
309,309.0,2,150.0,980.0,100.0,40,,,,
310,310.0,0,1150.0,1250.0,100.0,90,,,,
310,310.0,0,1150.0,1250.0,100.0,90,128,1125.1058648449139,1206.5247536877548,2.734449618444778
310,310.0,0,1150.0,1250.0,100.0,90,266,1131.2188735884358,1208.98709098159,5.955803830579043
310,310.0,0,1150.0,1250.0,100.0,90,272,1129.9310184210065,1272.8392659543779,10.887846558615701
310,310.0,1,166.66666666666666,966.6666666666666,100.0,68.19859051364818,,,,
310,310.0,2,150.0,980.0,100.0,40,,,,
311,311.0,0,1150.0,1250.0,100.0,90,,,,
311,311.0,0,1150.0,1250.0,100.0,90,128,1126.1384891018588,1209.5538789354398,0.0
311,311.0,0,1150.0,1250.0,100.0,90,266,1134.3442829460969,1213.7941031022308,6.156304311572693
311,311.0,0,1150.0,1250.0,100.0,90,272,1128.826343630942,1284.4078937017716,11.617676990786704
311,311.0,1,183.33333333333334,973.3333333333334,100.0,68.19859051364818,,,,
311,311.0,2,150.0,980.0,100.0,40,,,,
312,312.0,0,1150.0,1250.0,100.0,90,,,,
312,312.0,0,1150.0,1250.0,100.0,90,128,1127.6216040190454,1209.1182227435631,1.520035079587251
312,312.0,0,1150.0,1250.0,100.0,90,266,1134.3146511682023,1219.6250837448179,5.855412471207909
312,312.0,0,1150.0,1250.0,100.0,90,272,1127.8912580418967,1295.04878603752,10.682875770358505
312,312.0,1,200.0,980.0,100.0,68.19859051364818,,,,
312,312.0,2,150.0,980.0,100.0,40,,,,
313,313.0,0,1150.0,1250.0,100.0,90,,,,
313,313.0,0,1150.0,1250.0,100.0,90,128,1131.097684594769,1208.9539406290623,3.567674802290276
313,313.0,0,1150.0,1250.0,100.0,90,266,1133.8047184752138,1227.5665936689577,7.9573217905891385
313,313.0,0,1150.0,1250.0,100.0,90,272,1126.875582682639,1306.606757064499,11.603572777803192
313,313.0,1,200.0,980.0,100.0,58.79906034243212,,,,
313,313.0,2,150.0,980.0,100.0,40,,,,
314,314.0,0,1150.0,1250.0,100.0,90,,,,
314,314.0,0,1150.0,1250.0,100.0,90,128,1134.138889054044,1212.964311778338,5.426942876959219
314,314.0,0,1150.0,1250.0,100.0,90,266,1133.1372978499587,1237.65592631093,10.111167477334037
314,314.0,1,200.0,980.0,100.0,49.39953017121606,,,,
314,314.0,2,150.0,980.0,100.0,40,,,,
315,315.0,0,1150.0,1250.0,100.0,90,,,,
315,315.0,0,1150.0,1250.0,100.0,90,128,1134.3691648347003,1218.7761073417596,5.859777533101849
315,315.0,0,1150.0,1250.0,100.0,90,266,1132.0351142023603,1249.531629187493,11.928229494189962
315,315.0,1,200.0,980.0,100.0,40.0,,,,
315,315.0,2,150.0,980.0,100.0,40,,,,
316,316.0,0,1150.0,1250.0,100.0,90,,,,
316,316.0,0,1150.0,1250.0,100.0,90,128,1133.9024137255276,1226.045122677638,7.283488238488324
316,316.0,0,1150.0,1250.0,100.0,90,266,1130.8648389465573,1262.509897581885,13.032993496282085
316,316.0,1,200.0,980.0,100.0,40,,,,
316,316.0,2,150.0,980.0,100.0,40,,,,
317,317.0,0,1150.0,1250.0,100.0,90,,,,
317,317.0,0,1150.0,1250.0,100.0,90,128,1133.2807418810244,1235.7268183024971,9.70097227120027
317,317.0,1,200.0,980.0,100.0,40,,,,
317,317.0,2,150.0,980.0,100.0,40,,,,
318,318.0,0,1150.0,1250.0,100.0,90,,,,
318,318.0,0,1150.0,1250.0,100.0,90,128,1132.2731313143634,1246.8920365389126,11.212202056545763
318,318.0,1,200.0,980.0,100.0,40,,,,
318,318.0,2,150.0,980.0,100.0,40,,,,
